m,z,ZAMS_L,ZAMS_T,ZAMS_age,young_exists,old_exists
1.3,0.001,0.7278,8777.5,11.609742185717545,1.0,1.0
1.35,0.001,0.7967,9096.7,10.491786447638603,1.0,1.0
1.36,0.001,0.8101,9160.1,10.252224503764543,1.0,1.0
1.37,0.001,0.8234,9223.2,10.242242756103128,1.0,1.0
1.38,0.001,0.8366,9286.9,10.0,1.0,1.0
1.39,0.001,0.8496,9349.5,10.0,1.0,1.0
1.4,0.001,0.8625,9412.2,10.0,1.0,1.0
1.42,0.001,0.888,9537.0,10.0,1.0,1.0
1.44,0.001,0.9131,9661.3,10.0,1.0,1.0
1.46,0.001,0.9377,9785.1,10.0,1.0,1.0
1.48,0.001,0.9619,9907.5,10.0,1.0,1.0
1.5,0.001,0.9859,10030.5,10.0,1.0,1.0
1.52,0.001,1.009,10150.2,10.0,1.0,1.0
1.54,0.001,1.0321,10271.0,10.0,1.0,1.0
1.56,0.001,1.0547,10390.6,10.0,1.0,1.0
1.58,0.001,1.0768,10508.8,10.0,1.0,1.0
1.6,0.001,1.0989,10627.5,10.0,1.0,1.0
1.62,0.001,1.1204,10744.2,10.0,1.0,1.0
1.64,0.001,1.1420000000000001,10862.7,10.0,1.0,1.0
1.66,0.001,1.1627,10976.6,10.0,1.0,1.0
1.68,0.001,1.1835,11092.5,10.0,1.0,1.0
1.7,0.001,1.203,11201.1,10.0,1.0,1.0
1.72,0.001,1.2228,11310.9,10.0,1.0,1.0
1.74,0.001,1.2426,11422.4,10.0,1.0,1.0
1.76,0.001,1.2631,11538.8,10.0,1.0,1.0
1.78,0.001,1.2825,11650.6,10.0,1.0,1.0
1.8,0.001,1.3013,11759.1,10.0,1.0,1.0
2.1,0.001,1.5553,13303.5,10.0,1.0,1.0
1.3,0.0012,0.7206,8683.2,12.56798996121378,1.0,1.0
1.35,0.0012,0.79,9001.1,11.061480215681668,1.0,1.0
1.36,0.0012,0.8035,9064.2,11.010837326032398,1.0,1.0
1.38,0.0012,0.8298,9188.8,10.571640428929957,1.0,1.0
1.4,0.0012,0.8559,9313.7,10.252224503764543,1.0,1.0
1.42,0.0012,0.8814,9437.6,10.0,1.0,1.0
1.44,0.0012,0.9065,9560.9,10.0,1.0,1.0
1.45,0.0012,0.9189,9622.2,10.0,1.0,1.0
1.46,0.0012,0.9312,9683.3,10.0,1.0,1.0
1.48,0.0012,0.9555,9805.5,10.0,1.0,1.0
1.5,0.0012,0.9794,9927.0,10.0,1.0,1.0
1.52,0.0012,1.0026,10046.0,10.0,1.0,1.0
1.54,0.0012,1.0256,10165.4,10.0,1.0,1.0
1.55,0.0012,1.0372,10225.8,10.0,1.0,1.0
1.56,0.0012,1.0484,10284.8,10.0,1.0,1.0
1.58,0.0012,1.0708,10402.7,10.0,1.0,1.0
1.6,0.0012,1.0928,10520.4,10.0,1.0,1.0
1.62,0.0012,1.1142,10635.0,10.0,1.0,1.0
1.64,0.0012,1.1355,10751.0,10.0,1.0,1.0
1.65,0.0012,1.1464,10810.4,10.0,1.0,1.0
1.66,0.0012,1.1563,10864.5,10.0,1.0,1.0
1.68,0.0012,1.1775,10981.3,10.0,1.0,1.0
1.7,0.0012,1.1976,11092.9,10.0,1.0,1.0
1.72,0.0012,1.217,11200.5,10.0,1.0,1.0
1.74,0.0012,1.2367,11309.0,10.0,1.0,1.0
1.75,0.0012,1.2466,11364.7,10.0,1.0,1.0
1.76,0.0012,1.2562,11419.0,10.0,1.0,1.0
1.78,0.0012,1.2764,11534.3,10.0,1.0,1.0
1.8,0.0012,1.2951,11640.3,10.0,1.0,1.0
1.36,0.0014,0.8029999999999999,8988.9,20.0,1.0,1.0
1.38,0.0014,0.8234,9099.6,11.090691307323748,1.0,1.0
1.45,0.0014,0.9127,9529.9,10.0,1.0,1.0
1.55,0.0014,1.0311,10129.1,10.0,1.0,1.0
1.65,0.0014,1.1404,10708.7,10.0,1.0,1.0
1.75,0.0014,1.2407,11260.3,10.0,1.0,1.0
1.3,0.0015,0.7103,8554.0,13.119368313962354,1.0,1.0
1.35,0.0015,0.7799,8868.5,12.158738307095597,1.0,1.0
1.36,0.0015,0.7934,8930.3,11.859285877253024,1.0,1.0
1.37,0.0015,0.8068,8992.5,11.956857524057664,1.0,1.0
1.38,0.0015,0.8201,9054.2,11.66963267168606,1.0,1.0
1.39,0.0015,0.8337,9116.0,10.132443531827516,1.0,1.0
1.4,0.0015,0.8486,9180.7,10.0,1.0,1.0
1.42,0.0015,0.8766,9309.0,10.0,1.0,1.0
1.44,0.0015,0.8972,9424.0,11.140600045630846,1.0,1.0
1.46,0.0015,0.9218,9544.1,10.072553045859,1.0,1.0
1.48,0.0015,0.9465,9667.0,10.99087383070956,1.0,1.0
1.5,0.0015,0.9699,9783.9,10.0,1.0,1.0
1.52,0.0015,0.9935,9903.4,10.0,1.0,1.0
1.54,0.0015,1.0166,10021.4,10.0,1.0,1.0
1.56,0.0015,1.0393,10138.7,10.0,1.0,1.0
1.58,0.0015,1.0616,10255.0,10.0,1.0,1.0
1.6,0.0015,1.0837,10371.0,10.0,1.0,1.0
1.62,0.0015,1.1052,10485.4,10.0,1.0,1.0
1.64,0.0015,1.1266,10599.7,10.0,1.0,1.0
1.66,0.0015,1.1475,10712.2,10.0,1.0,1.0
1.68,0.0015,1.1683,10825.3,10.0,1.0,1.0
1.7,0.0015,1.1886,10936.4,10.0,1.0,1.0
1.72,0.0015,1.2086,11046.5,10.0,1.0,1.0
1.74,0.0015,1.2284,11156.2,10.0,1.0,1.0
1.76,0.0015,1.2475,11261.0,10.0,1.0,1.0
1.78,0.0015,1.2667,11367.9,10.0,1.0,1.0
1.8,0.0015,1.2866,11479.9,10.0,1.0,1.0
2.1,0.0015,1.5434,12988.4,10.0,1.0,1.0
1.36,0.0016,0.7902,8887.1,12.288501026694044,1.0,1.0
1.38,0.0016,0.8169,9010.1,11.679614419347475,1.0,1.0
1.45,0.0016,0.9066,9438.1,10.0,1.0,1.0
1.55,0.0016,1.0255,10035.9,10.501768195300023,1.0,1.0
1.65,0.0016,1.1343,10607.3,10.0,1.0,1.0
1.75,0.0016,1.2352,11158.0,10.0,1.0,1.0
1.3,0.0018,0.6997,8423.7,13.456365503080086,1.0,1.0
1.35,0.0018,0.7698,8736.9,13.116986082591831,1.0,1.0
1.36,0.0018,0.7833,8797.7,12.807551905087841,1.0,1.0
1.38,0.0018,0.8101,8920.2,12.368355007985398,1.0,1.0
1.4,0.0018,0.8365,9043.6,12.857460643394935,1.0,1.0
1.42,0.0018,0.8622,9165.3,11.999030344512892,1.0,1.0
1.44,0.0018,0.8875,9286.8,11.859285877253024,1.0,1.0
1.45,0.0018,0.9,9347.6,12.2016192119796,1.0,1.0
1.46,0.0018,0.9123,9406.8,11.300308008213555,1.0,1.0
1.48,0.0018,0.9368,9527.1,11.44005247547342,1.0,1.0
1.5,0.0018,0.9608,9645.7,10.960928587725306,1.0,1.0
1.52,0.0018,0.9845,9764.3,11.090691307323748,1.0,1.0
1.54,0.0018,1.0076,9880.6,10.621549167237053,1.0,1.0
1.55,0.0018,1.0190000000000001,9938.6,10.222279260780287,1.0,1.0
1.56,0.0018,1.0304,9997.2,10.801220625142596,1.0,1.0
1.58,0.0018,1.0528,10111.9,10.0,1.0,1.0
1.6,0.0018,1.0745,10223.7,10.0,1.0,1.0
1.62,0.0018,1.0989,10346.8,10.0,1.0,1.0
1.64,0.0018,1.1222,10461.9,20.0,1.0,1.0
1.65,0.0018,1.1346,10528.1,10.0,1.0,1.0
1.66,0.0018,1.1473,10590.3,10.0,1.0,1.0
1.68,0.0018,1.1689,10704.6,10.0,1.0,1.0
1.7,0.0018,1.1868,10792.4,20.0,1.0,1.0
1.72,0.0018,1.1998,10891.6,10.0,1.0,1.0
1.74,0.0018,1.2195,10998.9,10.0,1.0,1.0
1.75,0.0018,1.2293,11052.7,10.0,1.0,1.0
1.76,0.0018,1.2393,11107.7,10.0,1.0,1.0
1.78,0.0018,1.2581,11211.3,10.0,1.0,1.0
1.8,0.0018,1.2775,11318.4,10.0,1.0,1.0
1.3,0.002,0.6928,8338.5,13.845653661875426,1.0,1.0
1.34,0.002,0.7647,8572.5,10.0,1.0,0.0
1.35,0.002,0.7625,8648.1,12.548026465890946,1.0,1.0
1.36,0.002,0.7766,8709.3,13.13694957791467,1.0,1.0
1.37,0.002,0.7901,8770.5,13.416438512434404,1.0,1.0
1.38,0.002,0.8035,8831.4,13.027150353639062,1.0,1.0
1.39,0.002,0.8168,8893.1,13.336584531143053,1.0,1.0
1.4,0.002,0.8298,8953.7,12.957278120009125,1.0,1.0
1.42,0.002,0.8558,9076.0,13.196840063883185,1.0,1.0
1.44,0.002,0.8811,9196.8,12.521257929842355,1.0,1.0
1.45,0.002,0.8936,9256.6,12.577971708875198,1.0,1.0
1.46,0.002,0.906,9316.4,12.198665297741275,1.0,1.0
1.48,0.002,0.9304,9434.8,11.809377138945928,1.0,1.0
1.5,0.002,0.9545,9553.6,11.859285877253024,1.0,1.0
1.52,0.002,0.9782,9670.7,11.410107232489164,1.0,1.0
1.54,0.002,1.0014,9786.7,11.090691307323748,1.0,1.0
1.55,0.002,1.0128,9844.3,10.78125712981976,1.0,1.0
1.56,0.002,1.0243,9902.9,11.260381017567875,1.0,1.0
1.58,0.002,1.0467,10016.6,10.471822952315764,1.0,1.0
1.6,0.002,1.0688,10130.5,10.202315765457447,1.0,1.0
1.62,0.002,1.0906,10243.3,10.092516541181837,1.0,1.0
1.64,0.002,1.112,10354.6,10.0,1.0,1.0
1.65,0.002,1.1226,10410.9,10.0,1.0,1.0
1.66,0.002,1.1331,10466.1,10.0,1.0,1.0
1.68,0.002,1.1539,10576.1,10.0,1.0,1.0
1.7,0.002,1.1740000000000002,10682.7,10.0,1.0,1.0
1.72,0.002,1.194,10790.8,10.0,1.0,1.0
1.74,0.002,1.2139,10898.5,10.0,1.0,1.0
1.75,0.002,1.2237,10951.8,10.0,1.0,1.0
1.76,0.002,1.2337,11005.8,10.0,1.0,1.0
1.78,0.002,1.2527,11109.4,10.0,1.0,1.0
1.8,0.002,1.2718,11214.6,10.0,1.0,1.0
1.85,0.002,1.3177,11469.8,10.0,1.0,0.0
1.9,0.002,1.3627,11723.1,10.0,1.0,1.0
1.95,0.002,1.4068,11974.3,10.0,1.0,1.0
1.9509999999999998,0.002,1.4069,11974.3,10.0,1.0,0.0
2.0,0.002,1.4480000000000002,12210.4,10.0,1.0,1.0
2.05,0.002,1.4889,12447.3,10.0,1.0,1.0
2.1,0.002,1.5271,12667.8,10.0,1.0,1.0
2.2,0.002,1.6025,13110.3,10.0,1.0,1.0
1.35,0.0022,0.7568,8583.0,12.837497148072094,1.0,1.0
1.36,0.0022,0.7705,8644.4,12.55800821355236,1.0,1.0
1.38,0.0022,0.7974,8766.4,11.929158110882955,1.0,1.0
1.4,0.0022,0.8238,8886.9,11.479979466119095,1.0,1.0
1.42,0.0022,0.8502,9007.8,13.176876568560346,1.0,1.0
1.44,0.0022,0.8757,9128.5,13.216803559206026,1.0,1.0
1.45,0.0022,0.8882,9188.1,13.0471138489619,1.0,1.0
1.46,0.0022,0.9006,9247.5,12.697752680812226,1.0,1.0
1.48,0.0022,0.925,9365.4,12.108829568788499,1.0,1.0
1.5,0.0022,0.9493,9484.0,12.198665297741275,1.0,1.0
1.54,0.0022,0.9961,9716.2,11.953553006928672,1.0,1.0
1.55,0.0022,1.0076,9773.2,11.250399269906456,1.0,1.0
1.56,0.0022,1.019,9830.6,11.130618297969427,1.0,1.0
1.58,0.0022,1.0415,9944.7,11.07072781200091,1.0,1.0
1.6,0.0022,1.0637,10057.5,10.601585671914213,1.0,1.0
1.62,0.0022,1.0854,10169.4,10.362023728040157,1.0,1.0
1.64,0.0022,1.1068,10280.5,10.0,1.0,1.0
1.65,0.0022,1.1175,10335.9,10.0,1.0,1.0
1.66,0.0022,1.128,10391.0,10.0,1.0,1.0
1.68,0.0022,1.1487,10499.9,10.0,1.0,1.0
1.7,0.0022,1.1693,10608.9,10.0,1.0,1.0
1.72,0.0022,1.1894,10715.5,10.0,1.0,1.0
1.74,0.0022,1.2093,10822.0,10.0,1.0,1.0
1.75,0.0022,1.2187,10872.5,10.0,1.0,1.0
1.76,0.0022,1.2286,10925.7,10.0,1.0,1.0
1.78,0.0022,1.2477,11029.0,10.0,1.0,1.0
1.8,0.0022,1.2668,11133.1,10.0,1.0,1.0
1.35,0.0024,0.7514,8522.8,13.01716860597764,1.0,1.0
1.364,0.0024,0.7702,8607.2,12.877424138717773,1.0,1.0
1.38,0.0024,0.7918,8704.5,12.35837326032398,1.0,1.0
1.4,0.0024,0.8183,8825.0,11.769450148300251,1.0,1.0
1.42,0.0024,0.8441,8944.5,11.44005247547342,1.0,1.0
1.44,0.0024,0.8697,9063.5,10.99087383070956,1.0,1.0
1.45,0.0024,0.883,9124.9,13.755817932922652,1.0,1.0
1.46,0.0024,0.8953,9183.9,13.506274241387176,1.0,1.0
1.48,0.0024,0.9199,9302.1,13.176876568560346,1.0,1.0
1.5,0.0024,0.9441,9419.3,13.067077344284735,1.0,1.0
1.52,0.0024,0.9677,9534.8,12.188683550079851,1.0,1.0
1.54,0.0024,0.991,9649.9,11.87924937257586,1.0,1.0
1.55,0.0024,1.0025,9706.9,11.906767722337024,1.0,1.0
1.56,0.0024,1.0139,9764.2,11.849304129591605,1.0,1.0
1.58,0.0024,1.0365,9877.4,11.160563540953683,1.0,1.0
1.6,0.0024,1.0586,9989.8,11.100673054985167,1.0,1.0
1.62,0.0024,1.0806,10102.0,11.1705452886151,1.0,1.0
1.64,0.0024,1.1019,10211.4,10.362023728040157,1.0,1.0
1.65,0.0024,1.1125,10266.4,10.132443531827516,1.0,1.0
1.66,0.0024,1.1231,10321.2,10.052589550536164,1.0,1.0
1.68,0.0024,1.1438,10429.6,10.0,1.0,1.0
1.7,0.0024,1.1644,10537.3,10.0,1.0,1.0
1.72,0.0024,1.1846,10644.3,10.0,1.0,1.0
1.74,0.0024,1.2044,10749.5,10.0,1.0,1.0
1.75,0.0024,1.2142,10801.2,10.0,1.0,1.0
1.76,0.0024,1.224,10853.3,10.0,1.0,1.0
1.78,0.0024,1.2433,10957.6,10.0,1.0,1.0
1.8,0.0024,1.262,11057.7,10.0,1.0,1.0
1.3,0.0025,0.6783,8185.0,14.772149261827595,1.0,1.0
1.35,0.0025,0.7483,8491.2,13.366529774127311,1.0,1.0
1.36,0.0025,0.7622,8553.3,12.897387634040616,1.0,1.0
1.371,0.0025,0.7771,8620.1,12.577971708875198,1.0,1.0
1.38,0.0025,0.789,8673.9,12.418263746292494,1.0,1.0
1.39,0.0025,0.8022,8733.6,12.248574036048367,1.0,1.0
1.4,0.0025,0.8154,8793.8,12.051863561072011,1.0,1.0
1.42,0.0025,0.8413,8912.7,11.569815195071865,1.0,1.0
1.44,0.0025,0.8668,9031.2,11.158460980512192,1.0,1.0
1.46,0.0025,0.8918,9148.3,10.891056354095364,1.0,1.0
1.48,0.0025,0.9173,9269.9,13.616073465662787,1.0,1.0
1.5,0.0025,0.9414,9386.6,13.276694045174533,1.0,1.0
1.52,0.0025,0.965,9501.2,12.34839151266256,1.0,1.0
1.54,0.0025,0.9884,9616.4,12.068902578142824,1.0,1.0
1.56,0.0025,1.0112,9729.6,11.460015970796258,1.0,1.0
1.58,0.0025,1.0338,9843.2,11.430070727812,1.0,1.0
1.6,0.0025,1.056,9955.5,11.380161989504904,1.0,1.0
1.62,0.0025,1.0778,10066.0,10.601585671914213,1.0,1.0
1.64,0.0025,1.0994,10177.2,11.260381017567875,1.0,1.0
1.65,0.0025,1.1099,10231.0,10.441877709331507,1.0,1.0
1.66,0.0025,1.1205,10286.2,10.352041980378734,1.0,1.0
1.68,0.0025,1.1413,10394.1,10.012662559890488,1.0,1.0
1.7,0.0025,1.1618,10500.9,10.0,1.0,1.0
1.72,0.0025,1.182,10607.8,10.0,1.0,1.0
1.74,0.0025,1.2019,10713.0,10.0,1.0,1.0
1.76,0.0025,1.2215,10817.0,10.0,1.0,1.0
1.78,0.0025,1.2408,10920.1,10.0,1.0,1.0
1.8,0.0025,1.2598,11022.3,10.0,1.0,1.0
2.1,0.0025,1.5167,12451.0,10.0,1.0,1.0
1.36,0.0026,0.7594,8523.0,13.226785306867445,1.0,1.0
1.38,0.0026,0.7863,8643.7,12.661958656811295,1.0,1.0
1.45,0.0026,0.8767,9059.3,11.110654802646588,1.0,1.0
1.55,0.0026,0.9975,9641.7,12.318446269678304,1.0,1.0
1.65,0.0026,1.1076,10197.7,10.561658681268533,1.0,1.0
1.75,0.0026,1.2094,10729.6,10.0,1.0,1.0
1.35,0.0028,0.7399,8401.0,13.865617157198265,1.0,1.0
1.36,0.0028,0.7536,8461.7,13.526237736710018,1.0,1.0
1.38,0.0028,0.7807,8582.5,12.90736938170203,1.0,1.0
1.4,0.0028,0.8071,8701.4,12.418263746292494,1.0,1.0
1.42,0.0028,0.8331,8819.7,11.939139858544376,1.0,1.0
1.44,0.0028,0.8586,8937.3,11.609742185717545,1.0,1.0
1.45,0.0028,0.8713,8996.5,11.240417522245037,1.0,1.0
1.46,0.0028,0.8837,9054.0,11.240417522245037,1.0,1.0
1.48,0.0028,0.9084,9170.1,10.73354823286283,1.0,1.0
1.5,0.0028,0.9326,9284.6,10.561658681268533,1.0,1.0
1.54,0.0028,0.9805,9517.6,12.368355007985398,1.0,1.0
1.55,0.0028,0.9922,9575.0,12.997205110654805,1.0,1.0
1.56,0.0028,1.0035,9630.5,12.178701802418434,1.0,1.0
1.58,0.0028,1.0262,9743.0,11.869267624914439,1.0,1.0
1.6,0.0028,1.0483,9854.0,11.539869952087612,1.0,1.0
1.62,0.0028,1.0704,9965.3,11.939139858544376,1.0,1.0
1.64,0.0028,1.0918,10073.8,10.921001597079623,1.0,1.0
1.65,0.0028,1.1024,10127.9,10.911019849418206,1.0,1.0
1.66,0.0028,1.113,10182.7,11.190508783937943,1.0,1.0
1.68,0.0028,1.1339,10289.9,10.571640428929957,1.0,1.0
1.7,0.0028,1.1544,10395.8,10.42191421400867,1.0,1.0
1.72,0.0028,1.1746,10501.2,10.032626055213322,1.0,1.0
1.74,0.0028,1.1945,10605.2,10.0,1.0,1.0
1.75,0.0028,1.2043,10656.6,10.0,1.0,1.0
1.76,0.0028,1.2142,10708.5,10.0,1.0,1.0
1.78,0.0028,1.2335,10810.9,10.0,1.0,1.0
1.8,0.0028,1.2526,10912.0,10.0,1.0,1.0
1.3,0.003,0.6643,8038.4,15.306132563536252,1.0,1.0
1.34,0.003,0.7290000000000001,8149.3,10.022,1.0,0.0
1.35,0.003,0.7345,8342.0,14.035306867442396,1.0,1.0
1.36,0.003,0.7482,8402.3,13.70590919461556,1.0,1.0
1.37,0.003,0.7616,8461.4,13.685945699292715,1.0,1.0
1.38,0.003,0.7752,8521.9,13.181369640195724,1.0,1.0
1.39,0.003,0.7884,8580.9,13.057095596623318,1.0,1.0
1.4,0.003,0.8018,8640.8,12.607916951859455,1.0,1.0
1.42,0.003,0.8276,8758.6,12.368355007985398,1.0,1.0
1.44,0.003,0.8532,8875.8,11.779431895961672,1.0,1.0
1.45,0.003,0.8659,8934.0,11.570553407829252,1.0,1.0
1.46,0.003,0.8782,8991.4,11.44005247547342,1.0,1.0
1.48,0.003,0.903,9107.3,10.960928587725306,1.0,1.0
1.5,0.003,0.9274,9221.9,10.52173169062286,1.0,1.0
1.52,0.003,0.9513,9336.1,10.152407027150351,1.0,1.0
1.54,0.003,0.9754,9453.0,12.937314624686284,1.0,1.0
1.55,0.003,0.9871,9510.1,13.416438512434404,1.0,1.0
1.56,0.003,0.9984,9565.6,12.807551905087841,1.0,1.0
1.58,0.003,1.0211,9677.1,12.328428017339721,1.0,1.0
1.6,0.003,1.0433,9787.5,11.779431895961672,1.0,1.0
1.62,0.003,1.0653,9898.3,12.428245493953913,1.0,1.0
1.64,0.003,1.0868,10005.9,11.110654802646588,1.0,1.0
1.65,0.003,1.0975,10060.2,11.180527036276525,1.0,1.0
1.66,0.003,1.1079999999999999,10113.4,10.721366643851242,1.0,1.0
1.68,0.003,1.129,10221.4,11.350216746520648,1.0,1.0
1.7,0.003,1.1495,10326.6,10.871092858772533,1.0,1.0
1.72,0.003,1.1697,10431.2,10.102498288843256,1.0,1.0
1.74,0.003,1.1897,10535.0,10.102498288843256,1.0,1.0
1.75,0.003,1.1995,10586.1,10.0,1.0,1.0
1.76,0.003,1.2093,10637.8,10.0,1.0,1.0
1.78,0.003,1.2287,10738.9,10.0,1.0,1.0
1.8,0.003,1.2478,10839.8,10.0,1.0,1.0
1.85,0.003,1.2953,11094.9,10.0,1.0,0.0
1.9,0.003,1.3393,11328.3,10.0,1.0,1.0
1.95,0.003,1.3829,11563.3,10.0,1.0,1.0
1.9509999999999998,0.003,1.3834,11565.1,10.0,1.0,0.0
2.0,0.003,1.4249,11793.7,10.0,1.0,1.0
2.05,0.003,1.4652,12015.2,10.0,1.0,1.0
2.1,0.003,1.5046,12234.7,10.0,1.0,1.0
2.2,0.003,1.5805,12661.1,10.0,1.0,1.0
1.35,0.0032,0.7288,8282.1,30.0,1.0,1.0
1.36,0.0032,0.7426,8342.1,30.0,1.0,1.0
1.381,0.0032,0.7709999999999999,8467.6,30.0,1.0,1.0
1.4,0.0032,0.7961,8579.7,13.067077344284735,1.0,1.0
1.42,0.0032,0.8221,8697.0,12.617432907639046,1.0,1.0
1.44,0.0032,0.8478,8813.8,12.058920830481405,1.0,1.0
1.45,0.0032,0.8604,8871.5,11.889231120237277,1.0,1.0
1.46,0.0032,0.873,8929.9,11.619723933378966,1.0,1.0
1.48,0.0032,0.8978,9045.4,11.129721169421467,1.0,1.0
1.5,0.0032,0.922,9159.2,10.811202372804015,1.0,1.0
1.54,0.0032,0.9703,9388.7,13.316621035820214,1.0,1.0
1.55,0.0032,0.9819,9445.2,13.276694045174533,1.0,1.0
1.56,0.0032,0.9934,9501.2,13.70590919461556,1.0,1.0
1.58,0.0032,1.0161,9612.1,12.647843942505133,1.0,1.0
1.6,0.0032,1.0383,9721.9,12.278519279032626,1.0,1.0
1.62,0.0032,1.0603,9831.8,12.328428017339721,1.0,1.0
1.64,0.0032,1.0818,9938.8,11.539869952087612,1.0,1.0
1.65,0.0032,1.0925,9992.9,11.519906456764774,1.0,1.0
1.66,0.0032,1.103,10046.4,11.739504905315993,1.0,1.0
1.68,0.0032,1.124,10152.5,11.050764316678075,1.0,1.0
1.7,0.0032,1.1446,10258.2,11.190508783937943,1.0,1.0
1.72,0.0032,1.1648,10361.8,10.76129363449692,1.0,1.0
1.74,0.0032,1.1848,10464.5,10.0,1.0,1.0
1.75,0.0032,1.1947,10516.1,10.411932466347253,1.0,1.0
1.76,0.0032,1.2044,10566.4,10.0,1.0,1.0
1.78,0.0032,1.2239,10667.9,10.0,1.0,1.0
1.8,0.0032,1.2429999999999999,10768.0,10.0,1.0,1.0
1.35,0.0034,0.723,8222.0,30.0,1.0,1.0
1.361,0.0034,0.7382,8288.0,30.0,1.0,1.0
1.382,0.0034,0.7668,8413.3,30.0,1.0,1.0
1.4,0.0034,0.7905,8518.4,13.396475017111568,1.0,1.0
1.42,0.0034,0.8167,8636.4,12.757643166780744,1.0,1.0
1.44,0.0034,0.8423,8752.4,12.405632600209428,1.0,1.0
1.45,0.0034,0.8552,8811.1,11.999385977418573,1.0,1.0
1.46,0.0034,0.8675,8868.0,11.869267624914439,1.0,1.0
1.48,0.0034,0.8924,8982.5,11.420088980150581,1.0,1.0
1.5,0.0034,0.9166,9095.5,11.120636550308006,1.0,1.0
1.52,0.0034,0.9406,9208.9,10.641512662559894,1.0,1.0
1.54,0.0034,0.9644,9321.9,10.162388774811774,1.0,1.0
1.55,0.0034,0.9759,9377.1,10.042607802874745,1.0,1.0
1.56,0.0034,0.9883,9436.7,13.91552589550536,1.0,1.0
1.58,0.0034,1.01,9542.1,10.0,1.0,1.0
1.6,0.0034,1.0333,9656.6,12.927332877024867,1.0,1.0
1.62,0.0034,1.0552,9764.8,12.328428017339721,1.0,1.0
1.64,0.0034,1.0768,9872.1,11.989048596851475,1.0,1.0
1.65,0.0034,1.0875,9925.8,11.809377138945928,1.0,1.0
1.66,0.0034,1.0981,9979.3,12.238592288386949,1.0,1.0
1.68,0.0034,1.1191,10084.9,11.2204540269222,1.0,1.0
1.7,0.0034,1.1396,10188.7,10.74133013917408,1.0,1.0
1.72,0.0034,1.1599,10292.7,10.76129363449692,1.0,1.0
1.74,0.0034,1.18,10396.1,11.020819073693817,1.0,1.0
1.75,0.0034,1.1898,10446.5,10.711384896189823,1.0,1.0
1.76,0.0034,1.1996,10496.5,10.032626055213322,1.0,1.0
1.78,0.0034,1.2191,10597.4,10.0,1.0,1.0
1.8,0.0034,1.2382,10696.7,10.0,1.0,1.0
1.301,0.0035,0.6521,7899.7,30.0,1.0,1.0
1.35,0.0035,0.7201,8191.9,30.0,1.0,1.0
1.37,0.0035,0.7475,8310.7,30.0,1.0,1.0
1.381,0.0035,0.7623,8375.9,30.0,1.0,1.0
1.39,0.0035,0.7745,8429.4,30.0,1.0,1.0
1.4,0.0035,0.7878,8488.5,13.406456764772987,1.0,1.0
1.42,0.0035,0.8139,8605.0,12.917351129363446,1.0,1.0
1.44,0.0035,0.8396,8721.8,12.419139510007891,1.0,1.0
1.46,0.0035,0.8649,8837.1,11.859285877253024,1.0,1.0
1.48,0.0035,0.8895,8950.8,11.569815195071865,1.0,1.0
1.5,0.0035,0.9139,9064.4,11.1705452886151,1.0,1.0
1.52,0.0035,0.9378,9176.6,10.793650425374992,1.0,1.0
1.54,0.0035,0.9632,9295.1,18.91747847687889,1.0,1.0
1.56,0.0035,0.9847,9399.1,10.021149991387652,1.0,1.0
1.58,0.0035,1.0075,9509.1,10.0,1.0,1.0
1.6,0.0035,1.0306,9623.0,12.937314624686284,1.0,1.0
1.62,0.0035,1.0527,9731.9,12.77760666210358,1.0,1.0
1.64,0.0035,1.0742,9838.5,12.228610540725533,1.0,1.0
1.65,0.0035,1.085,9892.7,12.897387634040616,1.0,1.0
1.66,0.0035,1.0955,9944.9,11.979066849190051,1.0,1.0
1.68,0.0035,1.1165,10050.4,11.739504905315993,1.0,1.0
1.7,0.0035,1.1371,10154.8,11.20049053159936,1.0,1.0
1.72,0.0035,1.1574,10258.0,11.120636550308006,1.0,1.0
1.74,0.0035,1.1774,10360.0,10.581622176591377,1.0,1.0
1.76,0.0035,1.1971,10461.0,10.0,1.0,1.0
1.78,0.0035,1.2166,10561.8,10.142425279488933,1.0,1.0
1.8,0.0035,1.2356,10660.4,10.0,1.0,1.0
1.34,0.004,0.7068,7784.9,30.0,1.0,0.0
1.35,0.004,0.7056,8042.4,30.0,1.0,1.0
1.36,0.004,0.7198,8103.0,30.0,1.0,1.0
1.37,0.004,0.7334,8161.7,30.0,1.0,1.0
1.38,0.004,0.747,8220.3,30.0,1.0,1.0
1.39,0.004,0.7603,8278.6,30.0,1.0,1.0
1.4,0.004,0.7739,8337.7,14.055270362765224,1.0,1.0
1.42,0.004,0.7999,8452.7,13.715890942276983,1.0,1.0
1.44,0.004,0.8257,8567.5,13.206419863152535,1.0,1.0
1.45,0.004,0.8386,8625.6,12.787588409764998,1.0,1.0
1.46,0.004,0.8511,8682.4,12.577971708875198,1.0,1.0
1.48,0.004,0.8759999999999999,8795.6,12.138774811772757,1.0,1.0
1.5,0.004,0.9004,8907.5,11.799395391284506,1.0,1.0
1.52,0.004,0.9244,9018.9,11.360198494182065,1.0,1.0
1.54,0.004,0.9482,9129.8,10.881074606433947,1.0,1.0
1.55,0.004,0.9599,9185.3,10.671457905544148,1.0,1.0
1.56,0.004,0.9713,9239.0,10.611567419575632,1.0,1.0
1.58,0.004,0.9943,9348.1,10.162388774811774,1.0,1.0
1.6,0.004,1.0167,9455.2,10.0,1.0,1.0
1.62,0.004,1.039,9562.9,10.0,1.0,1.0
1.64,0.004,1.0605,9668.8,10.0,1.0,1.0
1.65,0.004,1.0714,9723.7,10.0,1.0,1.0
1.66,0.004,1.0819,9775.3,10.0,1.0,1.0
1.68,0.004,1.104,9883.0,12.437781529266493,1.0,1.0
1.7,0.004,1.1246,9985.8,12.288501026694044,1.0,1.0
1.72,0.004,1.145,10087.6,11.559833447410448,1.0,1.0
1.74,0.004,1.1652,10189.2,11.529888204426193,1.0,1.0
1.75,0.004,1.175,10238.8,11.110654802646588,1.0,1.0
1.76,0.004,1.1849,10288.6,10.921001597079623,1.0,1.0
1.78,0.004,1.2044,10388.2,11.1705452886151,1.0,1.0
1.8,0.004,1.2235,10485.4,10.332078485055897,1.0,1.0
1.85,0.004,1.2706,10721.4,10.0,1.0,0.0
1.9,0.004,1.3157,10960.2,10.0,1.0,1.0
1.95,0.004,1.3595,11189.2,10.0,1.0,1.0
1.9509999999999998,0.004,1.3608,11190.7,10.0,1.0,0.0
2.0,0.004,1.402,11412.8,10.0,1.0,1.0
2.05,0.004,1.4431,11630.5,10.0,1.0,1.0
2.1,0.004,1.4831,11843.3,10.0,1.0,1.0
2.2,0.004,1.5591,12253.9,10.0,1.0,1.0
1.301,0.0045,0.6258,7662.2,30.0,1.0,1.0
1.35,0.0045,0.6957,7952.2,30.0,1.0,1.0
1.36,0.0045,0.7098,8011.9,30.0,1.0,1.0
1.37,0.0045,0.7238,8071.2,30.0,1.0,1.0
1.38,0.0045,0.737,8128.2,30.0,1.0,1.0
1.39,0.0045,0.7505,8186.6,30.0,1.0,1.0
1.4,0.0045,0.7639,8244.6,14.84382842801734,1.0,1.0
1.42,0.0045,0.7902,8359.5,14.17505133470226,1.0,1.0
1.46,0.0045,0.8414,8587.2,13.107004334930412,1.0,1.0
1.48,0.0045,0.8663,8699.2,12.747661419119325,1.0,1.0
1.5,0.0045,0.8909999999999999,8811.5,12.098847821127078,1.0,1.0
1.52,0.0045,0.915,8922.1,11.659650924024644,1.0,1.0
1.54,0.0045,0.9386,9030.9,11.320271503536393,1.0,1.0
1.56,0.0045,0.9618,9139.0,10.99087383070956,1.0,1.0
1.58,0.0045,0.9849,9247.4,10.511749942961439,1.0,1.0
1.6,0.0045,1.0077,9355.3,10.077438491231662,1.0,1.0
1.62,0.0045,1.0296,9459.5,10.0,1.0,1.0
1.64,0.0045,1.0514,9564.8,10.0,1.0,1.0
1.65,0.0045,1.0624,9618.2,10.0,1.0,1.0
1.66,0.0045,1.073,9669.7,10.0,1.0,1.0
1.68,0.0045,1.0939,9771.9,10.0,1.0,1.0
1.7,0.0045,1.1158,9878.9,13.396475017111568,1.0,1.0
1.72,0.0045,1.1362,9979.6,12.55800821355236,1.0,1.0
1.74,0.0045,1.1562,10078.9,11.679614419347475,1.0,1.0
1.76,0.0045,1.176,10177.4,11.390143737166323,1.0,1.0
1.78,0.0045,1.1956,10276.0,11.699577914670314,1.0,1.0
1.8,0.0045,1.2149,10373.0,11.180527036276525,1.0,1.0
1.35,0.005,0.6859,7866.9,30.0,1.0,1.0
1.371,0.005,0.715,7988.8,30.0,1.0,1.0
1.39,0.005,0.7408,8098.9,30.0,1.0,1.0
1.4,0.005,0.7541,8155.9,15.819312303428028,1.0,1.0
1.42,0.005,0.7805,8270.2,14.853810175678758,1.0,1.0
1.45,0.005,0.8193,8440.4,13.885580652521105,1.0,1.0
1.46,0.005,0.8322,8497.7,13.436402007757245,1.0,1.0
1.48,0.005,0.8571,8608.6,13.027150353639062,1.0,1.0
1.5,0.005,0.8816,8719.4,12.577971708875198,1.0,1.0
1.51,0.005,0.8939,8774.9,12.268537531371205,1.0,1.0
1.52,0.005,0.9057,8829.3,12.148756559434176,1.0,1.0
1.53,0.005,0.9177,8883.9,11.819358886607347,1.0,1.0
1.54,0.005,0.9294,8937.6,11.709559662331731,1.0,1.0
1.55,0.005,0.9412,8991.7,11.469997718457675,1.0,1.0
1.56,0.005,0.9528,9045.6,11.280344512890712,1.0,1.0
1.57,0.005,0.9645,9100.1,11.000855578370981,1.0,1.0
1.58,0.005,0.9757,9152.4,10.881074606433947,1.0,1.0
1.59,0.005,0.9871,9205.3,10.681439653205564,1.0,1.0
1.6,0.005,0.9983,9257.7,10.501768195300023,1.0,1.0
1.61,0.005,1.0097,9311.3,10.262206251425962,1.0,1.0
1.62,0.005,1.0204,9361.7,10.229822431146033,1.0,1.0
1.63,0.005,1.0315,9414.9,10.0,1.0,1.0
1.64,0.005,1.0424,9466.2,10.0,1.0,1.0
1.65,0.005,1.0531,9517.4,10.0,1.0,1.0
1.66,0.005,1.0637,9568.6,10.0,1.0,1.0
1.67,0.005,1.0745,9619.9,10.0,1.0,1.0
1.68,0.005,1.0847,9670.1,10.0,1.0,1.0
1.69,0.005,1.0952,9721.0,10.0,1.0,1.0
1.7,0.005,1.1059,9771.5,10.0,1.0,1.0
1.71,0.005,1.1172,9826.7,13.376511521788727,1.0,1.0
1.72,0.005,1.1274,9876.1,12.44820898927675,1.0,1.0
1.73,0.005,1.1376,9927.0,13.336584531143053,1.0,1.0
1.74,0.005,1.1476,9975.6,12.927332877024867,1.0,1.0
1.75,0.005,1.1574,10023.8,11.969085101528632,1.0,1.0
1.76,0.005,1.1671,10071.5,10.0,1.0,1.0
1.78,0.005,1.1861,10165.0,10.0,1.0,1.0
1.8,0.005,1.2052,10259.5,10.0,1.0,1.0
1.85,0.005,1.2533,10501.3,10.940965092402463,1.0,1.0
1.9,0.005,1.2987,10730.2,10.0,1.0,1.0
1.95,0.005,1.3427,10954.0,10.0,1.0,1.0
1.9509999999999998,0.005,1.3439,10957.7,10.0,1.0,0.0
2.0,0.005,1.3853,11172.1,10.0,1.0,1.0
2.05,0.005,1.4266,11384.8,10.0,1.0,1.0
2.1,0.005,1.4668,11593.5,10.0,1.0,1.0
2.2,0.005,1.5437,11997.0,10.0,1.0,1.0
1.3,0.0055,0.6044,7490.9,30.0,1.0,1.0
1.35,0.0055,0.6768,7782.9,30.0,1.0,1.0
1.36,0.0055,0.6902,7839.7,30.0,1.0,1.0
1.37,0.0055,0.7040000000000001,7897.3,30.0,1.0,1.0
1.38,0.0055,0.7178,7955.5,30.0,1.0,1.0
1.39,0.0055,0.7312,8011.9,30.0,1.0,1.0
1.4,0.0055,0.745,8069.6,18.65050392908275,1.0,1.0
1.41,0.0055,0.7584,8127.7,15.160867617993155,1.0,1.0
1.42,0.0055,0.7713,8183.4,15.0,1.0,1.0
1.43,0.0055,0.784,8238.9,15.0,1.0,1.0
1.44,0.0055,0.797,8295.0,14.694102213096054,1.0,1.0
1.45,0.0055,0.8099,8351.4,14.354722792607806,1.0,1.0
1.471,0.0055,0.8365,8468.7,13.69592744695414,1.0,1.0
1.48,0.0055,0.8476,8517.9,13.576146475017113,1.0,1.0
1.49,0.0055,0.86,8573.2,13.266712297513118,1.0,1.0
1.5,0.0055,0.8722,8627.6,13.067077344284735,1.0,1.0
1.51,0.0055,0.8845,8682.6,12.757643166780744,1.0,1.0
1.52,0.0055,0.8965,8737.3,12.516153670161732,1.0,1.0
1.53,0.0055,0.9084,8791.0,12.318446269678304,1.0,1.0
1.54,0.0055,0.9202,8844.9,12.108829568788499,1.0,1.0
1.55,0.0055,0.932,8898.7,11.849304129591605,1.0,1.0
1.56,0.0055,0.9436,8951.6,11.66963267168606,1.0,1.0
1.57,0.0055,0.9552,9005.1,11.420088980150581,1.0,1.0
1.58,0.0055,0.9665,9057.2,11.320271503536393,1.0,1.0
1.59,0.0055,0.9782,9111.1,10.960928587725306,1.0,1.0
1.6,0.0055,0.9893,9163.1,10.841147615788273,1.0,1.0
1.61,0.0055,1.0007,9215.8,10.561658681268533,1.0,1.0
1.62,0.0055,1.0114,9266.1,10.492804972853195,1.0,1.0
1.63,0.0055,1.0223,9316.9,10.371072304922212,1.0,1.0
1.64,0.0055,1.0333,9368.9,10.172370522473187,1.0,1.0
1.65,0.0055,1.0444,9420.8,10.0,1.0,1.0
1.66,0.0055,1.0548,9470.5,10.0,1.0,1.0
1.67,0.0055,1.0655,9521.6,10.0,1.0,1.0
1.68,0.0055,1.0759999999999998,9571.9,10.0,1.0,1.0
1.69,0.0055,1.0865,9621.5,10.0,1.0,1.0
1.7,0.0055,1.0974,9674.4,10.0,1.0,1.0
1.71,0.0055,1.1074,9721.9,10.0,1.0,1.0
1.72,0.0055,1.1174,9769.9,10.0,1.0,1.0
1.73,0.0055,1.1288,9824.5,12.90736938170203,1.0,1.0
1.74,0.0055,1.1389,9873.9,13.815708418891173,1.0,1.0
1.3,0.006,0.5947,7409.4,30.0,1.0,1.0
1.34,0.006,0.6861,7417.9,30.0,1.0,0.0
1.35,0.006,0.6664,7697.6,30.0,1.0,1.0
1.37,0.006,0.6943,7812.1,30.0,1.0,1.0
1.38,0.006,0.7078,7869.0,30.0,1.0,1.0
1.39,0.006,0.7222,7927.4,30.0,1.0,1.0
1.4,0.006,0.735,7982.7,16.445707490755858,1.0,1.0
1.41,0.006,0.7491,8041.2,15.510432578673026,1.0,1.0
1.42,0.006,0.7618,8096.4,15.457846634134224,1.0,1.0
1.43,0.006,0.7745,8151.3,15.557150389434721,1.0,1.0
1.44,0.006,0.7875,8207.3,15.127610991266256,1.0,1.0
1.46,0.006,0.8132,8318.6,14.514430755190508,1.0,1.0
1.47,0.006,0.8257,8372.9,14.354722792607806,1.0,1.0
1.48,0.006,0.8384,8428.7,13.895562400182525,1.0,1.0
1.49,0.006,0.8507,8483.2,13.735854437599814,1.0,1.0
1.5,0.006,0.8631,8537.9,13.376511521788727,1.0,1.0
1.51,0.006,0.8751,8591.6,13.266712297513118,1.0,1.0
1.52,0.006,0.8872,8645.6,12.947296372347706,1.0,1.0
1.53,0.006,0.8992,8699.4,12.757643166780744,1.0,1.0
1.54,0.006,0.9111,8753.2,12.478154232261007,1.0,1.0
1.55,0.006,0.9229,8806.5,12.218628793064113,1.0,1.0
1.56,0.006,0.9345,8859.4,12.009012092174313,1.0,1.0
1.57,0.006,0.9461,8911.8,11.829340634268766,1.0,1.0
1.58,0.006,0.9575,8963.9,11.639687428701803,1.0,1.0
1.59,0.006,0.9688,9015.8,11.461391948676686,1.0,1.0
1.6,0.006,0.9802,9068.4,11.180527036276525,1.0,1.0
1.61,0.006,0.9912,9119.4,11.060746064339497,1.0,1.0
1.62,0.006,1.0026,9172.2,10.801220625142596,1.0,1.0
1.63,0.006,1.0135,9222.7,10.631530914898473,1.0,1.0
1.64,0.006,1.0243,9272.8,10.501768195300023,1.0,1.0
1.65,0.006,1.0354,9324.9,10.232261008441707,1.0,1.0
1.66,0.006,1.0463,9376.0,10.031858020951212,1.0,1.0
1.67,0.006,1.0565,9424.0,10.002680812229066,1.0,1.0
1.68,0.006,1.0674,9475.0,10.0,1.0,1.0
1.69,0.006,1.078,9525.3,10.0,1.0,1.0
1.7,0.006,1.088,9572.5,10.0,1.0,1.0
1.71,0.006,1.0983,9621.4,10.0,1.0,1.0
1.72,0.006,1.1091,9672.9,10.0,1.0,1.0
1.73,0.006,1.119,9720.3,10.0,1.0,1.0
1.74,0.006,1.1289,9766.8,10.0,1.0,1.0
1.75,0.006,1.1402,9821.1,13.51625598904859,1.0,1.0
1.76,0.006,1.1507,9872.9,10.0,1.0,1.0
1.78,0.006,1.1691,9962.1,10.0,1.0,1.0
1.8,0.006,1.1882,10054.9,10.0,1.0,1.0
1.85,0.006,1.2349,10282.8,10.0,1.0,1.0
1.9,0.006,1.2818,10513.8,10.0,1.0,1.0
1.95,0.006,1.3258,10733.0,10.0,1.0,1.0
1.9509999999999998,0.006,1.3268,10737.5,10.0,1.0,0.0
2.0,0.006,1.3687,10947.2,10.0,1.0,1.0
2.05,0.006,1.4095,11151.4,10.0,1.0,1.0
2.1,0.006,1.4495,11355.4,10.0,1.0,1.0
2.2,0.006,1.5276,11757.0,10.0,1.0,1.0
1.35,0.0065,0.657,7615.4,30.0,1.0,1.0
1.36,0.0065,0.6703,7670.5,30.0,1.0,1.0
1.37,0.0065,0.685,7729.1,30.0,1.0,1.0
1.38,0.0065,0.6989,7785.9,30.0,1.0,1.0
1.39,0.0065,0.7122,7841.9,30.0,1.0,1.0
1.401,0.0065,0.7266,7902.7,17.086293650090994,1.0,1.0
1.41,0.0065,0.7394,7955.2,16.135286815227587,1.0,1.0
1.42,0.0065,0.752,8008.9,17.803197177610034,1.0,1.0
1.43,0.0065,0.7657,8066.5,15.534189141158647,1.0,1.0
1.44,0.0065,0.7781,8120.3,15.557150389434721,1.0,1.0
1.45,0.0065,0.7909,8175.2,15.457846634134224,1.0,1.0
1.46,0.0065,0.8036,8230.1,15.160867617993155,1.0,1.0
1.472,0.0065,0.8189,8296.1,14.684120465434633,1.0,1.0
1.481,0.0065,0.8301,8344.9,14.464522016883409,1.0,1.0
1.491,0.0065,0.8425,8399.1,14.16506958704084,1.0,1.0
1.4909999999999999,0.0065,0.8425,8399.1,14.16506958704084,1.0,1.0
1.5,0.0065,0.8537,8448.1,13.889266782033706,1.0,1.0
1.511,0.0065,0.8671,8507.1,13.626055213324205,1.0,1.0
1.52,0.0065,0.8779,8555.1,13.436402007757245,1.0,1.0
1.53,0.0065,0.89,8608.7,13.212850941774967,1.0,1.0
1.54,0.0065,0.9019,8661.8,12.917351129363446,1.0,1.0
1.55,0.0065,0.9137,8714.9,12.637862194843715,1.0,1.0
1.56,0.0065,0.9254,8767.2,12.44820898927675,1.0,1.0
1.57,0.0065,0.937,8819.8,12.178701802418434,1.0,1.0
1.58,0.0065,0.9484,8871.6,11.999030344512892,1.0,1.0
1.59,0.0065,0.9598,8923.1,11.829340634268766,1.0,1.0
1.6,0.0065,0.971,8974.1,11.655398405782073,1.0,1.0
1.61,0.0065,0.9825,9026.6,11.320271503536393,1.0,1.0
1.62,0.0065,0.9934,9076.4,11.190508783937943,1.0,1.0
1.63,0.0065,1.0045,9127.7,11.010837326032398,1.0,1.0
1.64,0.0065,1.0154,9177.6,10.828209822539172,1.0,1.0
1.65,0.0065,1.0262,9227.9,10.681439653205564,1.0,1.0
1.66,0.0065,1.037,9278.6,10.461841204654348,1.0,1.0
1.67,0.0065,1.048,9329.6,10.192334017796028,1.0,1.0
1.68,0.0065,1.0581,9376.5,10.157515259043684,1.0,1.0
1.69,0.0065,1.0686,9425.5,10.029419468465722,1.0,1.0
1.7,0.0065,1.0791,9474.7,10.0,1.0,1.0
1.71,0.0065,1.0894,9523.1,10.0,1.0,1.0
1.72,0.0065,1.1001,9573.9,10.0,1.0,1.0
1.73,0.0065,1.11,9620.7,10.0,1.0,1.0
1.74,0.0065,1.1203,9669.7,10.0,1.0,1.0
1.75,0.0065,1.13,9715.0,10.0,1.0,1.0
1.76,0.0065,1.1405,9765.1,10.0,1.0,1.0
1.78,0.0065,1.161,9864.1,10.0,1.0,1.0
1.8,0.0065,1.1794,9952.8,10.0,1.0,1.0
1.3,0.006999999999999999,0.5738,7247.1,30.0,1.0,1.0
1.34,0.006999999999999999,0.6865,7266.1,30.0,1.0,0.0
1.35,0.006999999999999999,0.6464,7530.8,30.0,1.0,1.0
1.36,0.006999999999999999,0.6608,7587.8,30.0,1.0,1.0
1.37,0.006999999999999999,0.6744,7643.9,30.0,1.0,1.0
1.38,0.006999999999999999,0.6885,7700.7,30.0,1.0,1.0
1.39,0.006999999999999999,0.7023,7756.8,30.0,1.0,1.0
1.4,0.006999999999999999,0.7156,7812.1,19.452824584902352,1.0,1.0
1.41,0.006999999999999999,0.7297,7869.1,16.670799633573644,1.0,1.0
1.42,0.006999999999999999,0.7422,7923.0,16.978401805011515,1.0,1.0
1.43,0.006999999999999999,0.7554,7978.3,17.549922522721413,1.0,1.0
1.44,0.006999999999999999,0.7694,8036.3,20.0,1.0,1.0
1.45,0.006999999999999999,0.7813,8087.8,16.098594300923647,1.0,1.0
1.46,0.006999999999999999,0.7946,8144.0,15.248665112552171,1.0,1.0
1.47,0.006999999999999999,0.8068,8197.0,15.457846634134224,1.0,1.0
1.48,0.006999999999999999,0.8195,8251.5,14.83384668035592,1.0,1.0
1.49,0.006999999999999999,0.8319,8305.1,14.674138717773216,1.0,1.0
1.5,0.006999999999999999,0.8443,8359.3,14.374686287930635,1.0,1.0
1.511,0.006999999999999999,0.8577,8417.5,14.214978325347936,1.0,1.0
1.53,0.006999999999999999,0.8807,8518.3,13.606091718001366,1.0,1.0
1.54,0.006999999999999999,0.8927,8571.4,13.286675792835956,1.0,1.0
1.55,0.006999999999999999,0.9044,8623.1,13.156913073237504,1.0,1.0
1.56,0.006999999999999999,0.9162,8675.7,12.847478895733516,1.0,1.0
1.57,0.006999999999999999,0.9278,8727.6,12.597935204198036,1.0,1.0
1.58,0.006999999999999999,0.9394,8780.0,12.328428017339721,1.0,1.0
1.59,0.006999999999999999,0.9508,8830.9,12.158738307095597,1.0,1.0
1.6,0.006999999999999999,0.962,8881.9,12.018993839835725,1.0,1.0
1.61,0.006999999999999999,0.9734,8933.7,11.689596167008894,1.0,1.0
1.62,0.006999999999999999,0.9845,8983.6,11.519906456764774,1.0,1.0
1.63,0.006999999999999999,0.9955,9033.8,11.350216746520648,1.0,1.0
1.64,0.006999999999999999,1.0063,9083.4,11.2204540269222,1.0,1.0
1.65,0.006999999999999999,1.0172,9133.1,11.030800821355236,1.0,1.0
1.66,0.006999999999999999,1.0284,9184.3,10.711384896189823,1.0,1.0
1.67,0.006999999999999999,1.0390000000000001,9233.5,10.53171343828428,1.0,1.0
1.68,0.006999999999999999,1.0493,9280.9,10.481804699977184,1.0,1.0
1.69,0.006999999999999999,1.06,9331.0,10.231829490331592,1.0,1.0
1.7,0.006999999999999999,1.0709,9381.0,10.0,1.0,1.0
1.71,0.006999999999999999,1.0805,9425.6,10.012662559890488,1.0,1.0
1.72,0.006999999999999999,1.0909,9474.0,10.0,1.0,1.0
1.73,0.006999999999999999,1.1014,9523.3,10.0,1.0,1.0
1.74,0.006999999999999999,1.1119,9573.3,10.0,1.0,1.0
1.75,0.006999999999999999,1.1217,9619.1,10.0,1.0,1.0
1.76,0.006999999999999999,1.1314,9665.0,10.0,1.0,1.0
1.78,0.006999999999999999,1.1513,9758.2,10.0,1.0,1.0
1.8,0.006999999999999999,1.171,9853.8,10.0,1.0,1.0
1.82,0.006999999999999999,1.19,9944.0,10.0,1.0,1.0
1.84,0.006999999999999999,1.2084,10032.1,10.0,1.0,1.0
1.85,0.006999999999999999,1.2183,10079.9,10.0,1.0,1.0
1.86,0.006999999999999999,1.2273,10122.3,10.0,1.0,1.0
1.88,0.006999999999999999,1.2455,10209.5,10.0,1.0,1.0
1.9,0.006999999999999999,1.2636,10297.2,10.0,1.0,1.0
1.92,0.006999999999999999,1.2819999999999998,10386.9,10.0,1.0,1.0
1.94,0.006999999999999999,1.2991,10469.9,10.0,1.0,1.0
1.95,0.006999999999999999,1.3087,10518.1,10.0,1.0,1.0
1.9509999999999998,0.006999999999999999,1.3096,10522.6,10.0,1.0,0.0
1.96,0.006999999999999999,1.3167,10556.9,10.0,1.0,1.0
1.98,0.006999999999999999,1.3352,10648.2,10.0,1.0,1.0
2.0,0.006999999999999999,1.3509,10723.4,10.0,1.0,1.0
2.05,0.006999999999999999,1.3946,10942.0,10.0,1.0,1.0
2.1,0.006999999999999999,1.4328,11129.9,10.0,1.0,1.0
2.2,0.006999999999999999,1.5107,11522.1,10.0,1.0,1.0
1.35,0.0075,0.6368,7449.1,30.0,1.0,1.0
1.36,0.0075,0.6509999999999999,7505.0,30.0,1.0,1.0
1.37,0.0075,0.6649,7561.8,30.0,1.0,1.0
1.381,0.0075,0.68,7622.2,30.0,1.0,1.0
1.39,0.0075,0.6920000000000001,7671.7,30.0,1.0,1.0
1.4,0.0075,0.706,7727.7,17.905344825363926,1.0,1.0
1.41,0.0075,0.7192,7783.0,20.0,1.0,1.0
1.42,0.0075,0.7328,7838.7,19.690550880342073,1.0,1.0
1.43,0.0075,0.7458,7892.6,17.35271211493737,1.0,1.0
1.44,0.0075,0.7595,7948.9,16.305531536936094,1.0,1.0
1.45,0.0075,0.7723,8002.8,16.035385170927,1.0,1.0
1.46,0.0075,0.7852,8058.0,19.295826345456245,1.0,1.0
1.47,0.0075,0.7977,8111.0,15.557150389434721,1.0,1.0
1.48,0.0075,0.8101,8163.9,16.196825459578385,1.0,1.0
1.49,0.0075,0.8224,8216.9,15.457846634134224,1.0,1.0
1.5,0.0075,0.8349,8270.5,14.943645904631536,1.0,1.0
1.51,0.0075,0.8473,8324.1,14.524412502851927,1.0,1.0
1.52,0.0075,0.8595,8376.9,14.214978325347936,1.0,1.0
1.53,0.0075,0.8714,8429.1,14.055270362765224,1.0,1.0
1.54,0.0075,0.8833,8481.1,13.785763175906913,1.0,1.0
1.55,0.0075,0.8952,8533.2,13.626055213324205,1.0,1.0
1.56,0.0075,0.907,8585.2,13.286675792835956,1.0,1.0
1.57,0.0075,0.9188,8637.4,12.977241615331964,1.0,1.0
1.58,0.0075,0.9302,8687.9,12.847478895733516,1.0,1.0
1.59,0.0075,0.9418,8740.0,12.508099475245269,1.0,1.0
1.6,0.0075,0.9531,8790.3,12.33840976500114,1.0,1.0
1.61,0.0075,0.9642,8840.3,12.208647045402696,1.0,1.0
1.62,0.0075,0.9756,8891.4,11.849304129591605,1.0,1.0
1.63,0.0075,0.9864,8940.3,11.75837732964234,1.0,1.0
1.64,0.0075,0.9975,8990.7,11.51652662525102,1.0,1.0
1.65,0.0075,1.0083,9039.8,11.346148326585245,1.0,1.0
1.66,0.0075,1.0193,9089.7,11.090691307323748,1.0,1.0
1.67,0.0075,1.0301,9139.3,10.871092858772533,1.0,1.0
1.68,0.0075,1.0404,9186.0,10.82085048433457,1.0,1.0
1.69,0.0075,1.0512,9235.9,10.541695185945699,1.0,1.0
1.7,0.0075,1.0616,9283.5,10.411932466347253,1.0,1.0
1.71,0.0075,1.0719,9331.2,10.252224503764543,1.0,1.0
1.72,0.0075,1.0824,9379.6,10.032626055213322,1.0,1.0
1.73,0.0075,1.0931,9428.8,10.0,1.0,1.0
1.74,0.0075,1.1025,9472.1,10.0,1.0,1.0
1.75,0.0075,1.1132,9522.2,10.0,1.0,1.0
1.76,0.0075,1.1226,9566.3,10.0,1.0,1.0
1.78,0.0075,1.1425,9659.4,10.0,1.0,1.0
1.8,0.0075,1.1632,9757.7,10.0,1.0,1.0
1.34,0.008,0.3273,5409.5,30.0,1.0,0.0
1.35,0.008,0.6264,7366.9,30.0,1.0,1.0
1.36,0.008,0.6404,7422.4,30.0,1.0,1.0
1.371,0.008,0.6559,7483.3,30.0,1.0,1.0
1.391,0.008,0.6837,7594.6,30.0,1.0,1.0
1.4,0.008,0.6958,7643.3,19.224047008308023,1.0,1.0
1.42,0.008,0.723,7753.6,17.847882424104984,1.0,1.0
1.44,0.008,0.7502,7865.9,20.0,1.0,1.0
1.4509999999999998,0.008,0.7226,7429.8,11.2783,1.0,0.0
1.461,0.008,0.7765,7975.6,16.61400204113701,1.0,1.0
1.47,0.008,0.7882,8025.0,18.284408224583,1.0,1.0
1.48,0.008,0.8014,8080.8,20.0,1.0,1.0
1.5,0.008,0.8255,8183.1,15.51146746844455,1.0,1.0
1.51,0.008,0.8379,8236.0,14.993554642938626,1.0,1.0
1.52,0.008,0.8501,8288.7,14.684120465434633,1.0,1.0
1.53,0.008,0.8621,8340.4,14.524412502851927,1.0,1.0
1.54,0.008,0.8742,8392.7,14.185033082363674,1.0,1.0
1.55,0.008,0.8859,8443.9,14.065252110426648,1.0,1.0
1.57,0.008,0.9095,8546.9,13.486310746064339,1.0,1.0
1.58,0.008,0.9212,8598.4,13.13694957791467,1.0,1.0
1.59,0.008,0.9325,8648.3,12.977241615331964,1.0,1.0
1.6,0.008,0.944,8699.3,12.667807437827973,1.0,1.0
1.61,0.008,0.9553,8749.4,12.468172484599586,1.0,1.0
1.62,0.008,0.9665,8799.3,12.298482774355463,1.0,1.0
1.63,0.008,0.9774,8848.3,12.12879306411134,1.0,1.0
1.64,0.008,0.9885,8898.2,11.8992128678987,1.0,1.0
1.65,0.008,0.9995,8947.4,11.689596167008894,1.0,1.0
1.66,0.008,1.0106,8997.6,11.370180241843483,1.0,1.0
1.67,0.008,1.0213,9045.8,11.2204540269222,1.0,1.0
1.68,0.008,1.0317,9093.4,11.119243686086982,1.0,1.0
1.69,0.008,1.0423,9141.2,10.920344819784562,1.0,1.0
1.7,0.008,1.0529,9189.5,10.721366643851242,1.0,1.0
1.71,0.008,1.0634,9237.9,10.511749942961439,1.0,1.0
1.72,0.008,1.0736,9284.2,10.38198722336299,1.0,1.0
1.73,0.008,1.0838,9330.9,10.212297513118866,1.0,1.0
1.74,0.008,1.0941,9378.5,10.032626055213322,1.0,1.0
1.75,0.008,1.1041,9424.3,10.0,1.0,1.0
1.76,0.008,1.1144,9471.9,10.0,1.0,1.0
1.78,0.008,1.1345,9565.4,10.0,1.0,1.0
1.8,0.008,1.1534,9652.9,10.0,1.0,1.0
1.82,0.008,1.1733,9747.3,10.0,1.0,1.0
1.84,0.008,1.1915,9832.1,10.0,1.0,1.0
1.85,0.008,1.2015,9880.1,10.0,1.0,1.0
1.86,0.008,1.2105,9922.8,10.0,1.0,1.0
1.88,0.008,1.2286,10007.7,10.0,1.0,1.0
1.9,0.008,1.2467,10093.4,10.0,1.0,1.0
1.92,0.008,1.2662,10187.4,10.0,1.0,1.0
1.94,0.008,1.2826,10264.8,10.0,1.0,1.0
1.95,0.008,1.2915,10307.5,10.0,1.0,1.0
1.9509999999999998,0.008,1.2926,10313.3,10.0,1.0,0.0
1.96,0.008,1.301,10353.9,10.0,1.0,1.0
1.98,0.008,1.3179,10434.9,10.0,1.0,1.0
2.0,0.008,1.3359,10522.8,10.0,1.0,1.0
2.05,0.008,1.3778,10726.2,10.0,1.0,1.0
2.1,0.008,1.419,10928.3,10.0,1.0,1.0
2.2,0.008,1.497,11314.8,10.0,1.0,1.0
1.401,0.0085,0.6877,7566.3,20.0,1.0,1.0
1.44,0.0085,0.7395,7777.3,20.0,1.0,1.0
1.45,0.0085,0.7529,7833.3,20.0,1.0,1.0
1.461,0.0085,0.7673,7892.6,20.0,1.0,1.0
1.4709999999999999,0.0085,0.7803,7947.1,20.0,1.0,1.0
1.48,0.0085,0.7916,7994.4,20.0,1.0,1.0
1.501,0.0085,0.8174,8101.6,15.878989658366494,1.0,1.0
1.51,0.0085,0.8291,8152.7,19.38833914337296,1.0,1.0
1.52,0.0085,0.841,8202.6,17.096267713795527,1.0,1.0
1.53,0.0085,0.8528,8252.6,14.993554642938626,1.0,1.0
1.54,0.0085,0.866,8310.2,20.0,1.0,1.0
1.55,0.0085,0.8768,8355.9,14.414613278576315,1.0,1.0
1.56,0.0085,0.8886,8407.0,14.199880234381919,1.0,1.0
1.57,0.0085,0.9013,8463.2,19.38833914337296,1.0,1.0
1.58,0.0085,0.9129,8513.9,18.65050392908275,1.0,1.0
1.6,0.0085,0.9357,8613.8,17.523255685028285,1.0,1.0
1.61,0.0085,0.9471,8663.7,17.096267713795527,1.0,1.0
1.62,0.0085,0.9584,8713.4,16.740444404434903,1.0,1.0
1.63,0.0085,0.9685,8757.3,12.508099475245269,1.0,1.0
1.64,0.0085,0.9795,8806.1,12.332050179192484,1.0,1.0
1.65,0.0085,0.9907,8856.0,11.989048596851475,1.0,1.0
1.66,0.0085,1.0015,8904.3,11.822811364102295,1.0,1.0
1.67,0.0085,1.0122,8952.4,11.649669176363222,1.0,1.0
1.68,0.0085,1.0232,9001.6,11.380161989504904,1.0,1.0
1.69,0.0085,1.0336,9048.5,11.21047227926078,1.0,1.0
1.7,0.0085,1.044,9095.5,11.076249917902489,1.0,1.0
1.71,0.0085,1.0545,9143.2,10.881074606433947,1.0,1.0
1.72,0.0085,1.0646,9189.1,10.751311886835499,1.0,1.0
1.73,0.0085,1.0752,9237.4,10.511749942961439,1.0,1.0
1.74,0.0085,1.0853,9283.1,10.372005475701574,1.0,1.0
1.75,0.0085,1.0953,9329.0,10.242242756103128,1.0,1.0
1.76,0.0085,1.1055,9375.6,10.052589550536164,1.0,1.0
1.78,0.0085,1.1255,9467.8,10.0,1.0,1.0
1.8,0.0085,1.1454,9559.3,10.0,1.0,1.0
1.82,0.0085,1.1645,9647.5,10.0,1.0,1.0
1.84,0.0085,1.1832,9735.3,10.0,1.0,1.0
1.86,0.0085,1.2026,9826.2,10.0,1.0,1.0
1.88,0.0085,1.2202,9908.2,10.0,1.0,1.0
1.3,0.009000000000000001,0.4851,6691.7,30.0,1.0,1.0
1.361,0.009000000000000001,0.6216,7265.8,30.0,1.0,1.0
1.381,0.009000000000000001,0.6505,7377.8,30.0,1.0,1.0
1.39,0.009000000000000001,0.6625,7424.9,30.0,1.0,1.0
1.4,0.009000000000000001,0.6762,7479.4,20.0,1.0,1.0
1.44,0.009000000000000001,0.7309,7698.8,20.0,1.0,1.0
1.45,0.009000000000000001,0.7432,7749.4,20.0,1.0,1.0
1.48,0.009000000000000001,0.7816,7905.9,20.0,1.0,1.0
1.5,0.009000000000000001,0.8067,8011.2,17.424067538126998,1.0,1.0
1.53,0.009000000000000001,0.8443,8170.8,20.0,1.0,1.0
1.54,0.009000000000000001,0.8564,8222.2,20.0,1.0,1.0
1.55,0.009000000000000001,0.868,8270.7,16.740444404434903,1.0,1.0
1.56,0.009000000000000001,0.8804,8325.4,20.0,1.0,1.0
1.57,0.009000000000000001,0.8922,8375.8,20.0,1.0,1.0
1.58,0.009000000000000001,0.9038,8425.9,19.38833914337296,1.0,1.0
1.59,0.009000000000000001,0.9159999999999999,8478.4,20.0,1.0,1.0
1.6,0.009000000000000001,0.9268,8525.6,18.409294470362305,1.0,1.0
1.61,0.009000000000000001,0.9379,8573.8,16.740444404434903,1.0,1.0
1.62,0.009000000000000001,0.9492,8622.9,16.196825459578385,1.0,1.0
1.63,0.009000000000000001,0.9604,8671.8,15.484080850483046,1.0,1.0
1.64,0.009000000000000001,0.9719,8723.3,19.38833914337296,1.0,1.0
1.65,0.009000000000000001,0.9828,8771.7,18.65050392908275,1.0,1.0
1.66,0.009000000000000001,0.9937,8820.0,18.035641250507584,1.0,1.0
1.67,0.009000000000000001,1.0043,8866.5,15.828467044598078,1.0,1.0
1.68,0.009000000000000001,1.0151,8914.5,15.819312303428028,1.0,1.0
1.69,0.009000000000000001,1.0258,8962.2,15.819312303428028,1.0,1.0
1.7,0.009000000000000001,1.0363,9009.8,16.44392497996771,1.0,1.0
1.71,0.009000000000000001,1.0468,9056.4,15.035372144479973,1.0,1.0
1.72,0.009000000000000001,1.0572,9102.9,15.0,1.0,1.0
1.73,0.009000000000000001,1.0677,9151.1,17.096267713795527,1.0,1.0
1.74,0.009000000000000001,1.0779,9196.8,15.819312303428028,1.0,1.0
1.75,0.009000000000000001,1.088,9242.2,15.0,1.0,1.0
1.76,0.009000000000000001,1.0981,9287.8,14.624229979466119,1.0,1.0
1.78,0.009000000000000001,1.1181,9379.0,14.763974446725989,1.0,1.0
1.8,0.009000000000000001,1.1364,9461.4,10.0,1.0,1.0
1.82,0.009000000000000001,1.1564,9553.6,10.0,1.0,1.0
1.84,0.009000000000000001,1.1754,9642.4,10.0,1.0,1.0
1.85,0.009000000000000001,1.1843,9682.7,10.0,1.0,1.0
1.86,0.009000000000000001,1.1936,9726.2,10.0,1.0,1.0
1.88,0.009000000000000001,1.2119,9810.3,10.0,1.0,1.0
1.9,0.009000000000000001,1.2302,9896.1,10.0,1.0,1.0
1.92,0.009000000000000001,1.2491,9984.8,10.0,1.0,1.0
1.94,0.009000000000000001,1.2671,10070.0,10.0,1.0,1.0
1.95,0.009000000000000001,1.2758,10110.8,10.0,1.0,1.0
1.9509999999999998,0.009000000000000001,1.2771,10117.0,10.0,1.0,0.0
1.96,0.009000000000000001,1.2839,10148.4,10.0,1.0,1.0
1.98,0.009000000000000001,1.3016,10232.4,10.0,1.0,1.0
2.0,0.009000000000000001,1.3185,10312.2,10.0,1.0,1.0
2.05,0.009000000000000001,1.3607,10514.0,10.0,1.0,1.0
2.1,0.009000000000000001,1.4013,10708.6,10.0,1.0,1.0
2.2,0.009000000000000001,1.4793,11088.1,10.0,1.0,1.0
1.3,0.01,0.459,6586.0,30.0,1.0,1.0
1.34,0.01,0.2444,5259.9,30.0,1.0,0.0
1.35,0.01,0.5297,6714.7,30.0,1.0,1.0
1.36,0.01,0.5438,6743.0,30.0,1.0,1.0
1.37,0.01,0.5578,6771.8,30.0,1.0,1.0
1.38,0.01,0.5714,6800.4,30.0,1.0,1.0
1.39,0.01,0.6429,7266.2,30.0,1.0,1.0
1.4,0.01,0.6559,7315.7,20.0,1.0,1.0
1.42,0.01,0.6837,7425.0,20.0,1.0,1.0
1.44,0.01,0.7101,7527.9,20.0,1.0,1.0
1.45,0.01,0.7240000000000001,7584.9,20.0,1.0,1.0
1.46,0.01,0.7372,7638.1,20.0,1.0,1.0
1.48,0.01,0.7626,7740.8,20.0,1.0,1.0
1.52,0.01,0.8136,7950.9,20.0,1.0,1.0
1.53,0.01,0.8252,7998.1,19.36164156715433,1.0,1.0
1.54,0.01,0.8376,8050.7,20.0,1.0,1.0
1.551,0.01,0.8503,8101.8,16.92754489701089,1.0,1.0
1.56,0.01,0.8614,8150.0,18.65050392908275,1.0,1.0
1.57,0.01,0.8734,8201.5,20.0,1.0,1.0
1.59,0.01,0.898,8305.5,20.0,1.0,1.0
1.6,0.01,0.9083,8350.3,19.38833914337296,1.0,1.0
1.61,0.01,0.9196,8396.9,16.44392497996771,1.0,1.0
1.62,0.01,0.9309,8446.0,16.740444404434903,1.0,1.0
1.63,0.01,0.9431,8499.7,20.0,1.0,1.0
1.64,0.01,0.9534,8544.0,17.523255685028285,1.0,1.0
1.65,0.01,0.9645,8592.0,17.096267713795527,1.0,1.0
1.66,0.01,0.9757,8641.1,18.035641250507584,1.0,1.0
1.67,0.01,0.9865,8687.9,17.096267713795527,1.0,1.0
1.68,0.01,0.9973,8735.1,17.523255685028285,1.0,1.0
1.69,0.01,1.008,8781.9,16.740444404434903,1.0,1.0
1.7,0.01,1.0187,8829.6,18.035641250507584,1.0,1.0
1.71,0.01,1.0292,8875.1,15.99090919258728,1.0,1.0
1.72,0.01,1.0395,8919.8,14.993554642938626,1.0,1.0
1.73,0.01,1.0499,8966.6,15.557150389434721,1.0,1.0
1.75,0.01,1.0706,9059.3,16.740444404434903,1.0,1.0
1.76,0.01,1.0807,9103.9,15.676314895795315,1.0,1.0
1.77,0.01,1.0908,9149.0,16.196825459578385,1.0,1.0
1.78,0.01,1.1008,9193.9,15.819312303428028,1.0,1.0
1.79,0.01,1.1107,9237.9,14.973591147615785,1.0,1.0
1.8,0.01,1.1206,9282.4,15.306132563536252,1.0,1.0
1.82,0.01,1.14,9369.5,14.544375998174765,1.0,1.0
1.84,0.01,1.1593,9456.7,14.504449007529088,1.0,1.0
1.85,0.01,1.1688,9500.4,14.644193474788954,1.0,1.0
1.86,0.01,1.1782,9542.8,14.474503764544833,1.0,1.0
1.88,0.01,1.197,9628.2,14.005361624458134,1.0,1.0
1.9,0.01,1.2154,9712.3,12.979711899876245,1.0,1.0
1.92,0.01,1.2336,9796.0,13.572496007300934,1.0,1.0
1.94,0.01,1.2515,9878.7,13.273043577458358,1.0,1.0
1.95,0.01,1.2591,9912.2,10.0,1.0,1.0
1.96,0.01,1.2683,9955.3,10.0,1.0,1.0
1.98,0.01,1.2854,10034.3,10.0,1.0,1.0
2.0,0.01,1.3024,10112.9,10.0,1.0,1.0
2.05,0.01,1.3446,10310.6,10.0,1.0,1.0
2.1,0.01,1.3862,10508.8,10.0,1.0,1.0
2.2,0.01,1.4646,10883.1,10.0,1.0,1.0
1.51,0.0103,0.7976,7869.6,20.0,1.0,1.0
1.52,0.0103,0.8105,7922.5,20.0,1.0,1.0
1.53,0.0103,0.8215,7967.7,19.704219689873238,1.0,1.0
1.4,0.0105,0.6501,7273.1,20.0,1.0,1.0
1.42,0.0105,0.6773,7377.6,20.0,1.0,1.0
1.44,0.0105,0.7044,7484.6,20.0,1.0,1.0
1.45,0.0105,0.7174,7534.9,20.0,1.0,1.0
1.46,0.0105,0.7305,7586.1,20.0,1.0,1.0
1.48,0.0105,0.7579,7698.5,20.0,1.0,1.0
1.5,0.0105,0.7819,7794.2,19.00338571352164,1.0,1.0
1.54,0.0105,0.8334,8007.6,20.0,1.0,1.0
1.55,0.0105,0.8436,8050.0,18.3895880161142,1.0,1.0
1.56,0.0105,0.8571,8107.3,20.0,1.0,1.0
1.6,0.0105,0.903,8302.4,20.0,1.0,1.0
1.62,0.0105,0.9254,8397.1,18.65050392908275,1.0,1.0
1.64,0.0105,0.9484,8496.4,20.0,1.0,1.0
1.65,0.0105,0.9589,8539.4,15.99090919258728,1.0,1.0
1.66,0.0105,0.97,8589.2,18.65050392908275,1.0,1.0
1.67,0.0105,0.9809,8635.7,17.136822094285044,1.0,1.0
1.68,0.0105,0.9917,8682.9,17.523255685028285,1.0,1.0
1.7,0.0105,1.0131,8776.8,18.035641250507584,1.0,1.0
1.71,0.0105,1.0236,8821.8,16.196825459578385,1.0,1.0
1.72,0.0105,1.0347,8871.0,20.0,1.0,1.0
1.73,0.0105,1.045,8916.1,20.0,1.0,1.0
1.74,0.0105,1.0548,8958.6,15.557150389434721,1.0,1.0
1.75,0.0105,1.065,9004.3,15.99090919258728,1.0,1.0
1.76,0.0105,1.0752,9049.1,15.306132563536252,1.0,1.0
1.77,0.0105,1.0856,9095.9,18.65050392908275,1.0,1.0
1.78,0.0105,1.0952,9138.0,15.0,1.0,1.0
1.79,0.0105,1.1052,9182.8,15.530238157129865,1.0,1.0
1.8,0.0105,1.115,9226.0,14.727749644312661,1.0,1.0
1.82,0.0105,1.1346,9314.1,15.819312303428028,1.0,1.0
1.84,0.0105,1.154,9401.2,15.99090919258728,1.0,1.0
1.86,0.0105,1.1729,9486.3,15.0,1.0,1.0
1.88,0.0105,1.1916,9570.7,14.29678476626719,1.0,1.0
1.51,0.0108,0.7915,7823.1,20.0,1.0,1.0
1.52,0.0108,0.8037,7872.3,20.0,1.0,1.0
1.53,0.0108,0.8167,7926.9,20.0,1.0,1.0
1.34,0.011000000000000001,0.2389,5262.3,30.0,1.0,0.0
1.4,0.011000000000000001,0.2971,5292.3,30.0,1.0,0.0
1.45,0.011000000000000001,0.3865,5421.5,30.0,1.0,0.0
1.51,0.011000000000000001,0.7906,7810.2,20.0,1.0,1.0
1.53,0.011000000000000001,0.8136,7901.9,18.376171205168525,1.0,1.0
1.55,0.011000000000000001,0.8382,8005.6,20.0,1.0,1.0
1.57,0.011000000000000001,0.8634,8111.2,20.0,1.0,1.0
1.59,0.011000000000000001,0.8856,8204.7,20.0,1.0,1.0
1.611,0.011000000000000001,0.9096,8304.1,17.096267713795527,1.0,1.0
1.63,0.011000000000000001,0.9321,8401.9,20.0,1.0,1.0
1.67,0.011000000000000001,0.9758,8589.5,20.0,1.0,1.0
1.69,0.011000000000000001,0.997,8679.3,15.99090919258728,1.0,1.0
1.71,0.011000000000000001,1.0187,8774.9,20.0,1.0,1.0
1.73,0.011000000000000001,1.0391,8863.0,16.196825459578385,1.0,1.0
1.77,0.011000000000000001,1.0804,9045.0,20.0,1.0,1.0
1.79,0.011000000000000001,1.1,9131.6,16.196825459578385,1.0,1.0
1.92,0.011000000000000001,1.2231,9682.8,14.041638147387633,1.0,1.0
1.94,0.011000000000000001,1.2411,9764.4,13.572496007300934,1.0,1.0
1.96,0.011000000000000001,1.2589,9845.2,12.813883185033085,1.0,1.0
1.98,0.011000000000000001,1.2765,9925.4,12.504449007529088,1.0,1.0
1.42,0.011,0.6727,7340.9,20.0,1.0,1.0
1.46,0.011,0.7268,7552.7,20.0,1.0,1.0
1.48,0.011,0.7513,7651.5,20.0,1.0,1.0
1.5,0.011,0.7766,7752.9,20.0,1.0,1.0
1.52,0.011,0.8021,7858.4,20.0,1.0,1.0
1.54,0.011,0.8261,7955.5,20.0,1.0,1.0
1.55,0.011,0.8382,8005.6,20.0,1.0,1.0
1.58,0.011,0.8738,8154.5,19.38833914337296,1.0,1.0
1.6,0.011,0.8972,8252.6,18.65050392908275,1.0,1.0
1.62,0.011,0.9206,8353.0,20.0,1.0,1.0
1.64,0.011,0.943,8448.8,20.0,1.0,1.0
1.65,0.011,0.9542,8496.3,20.0,1.0,1.0
1.66,0.011,0.9654,8544.0,20.0,1.0,1.0
1.68,0.011,0.9869,8636.9,20.0,1.0,1.0
1.7,0.011,1.0077,8726.2,16.740444404434903,1.0,1.0
1.72,0.011,1.0291,8820.3,20.0,1.0,1.0
1.74,0.011,1.0495,8908.1,15.819312303428028,1.0,1.0
1.75,0.011,1.0602,8956.3,20.0,1.0,1.0
1.76,0.011,1.07,8998.5,16.190253355095827,1.0,1.0
1.78,0.011,1.0902,9088.5,18.65050392908275,1.0,1.0
1.8,0.011,1.11,9175.9,17.096267713795527,1.0,1.0
1.82,0.011,1.1294,9261.7,15.248665112552171,1.0,1.0
1.84,0.011,1.1487,9347.5,14.84382842801734,1.0,1.0
1.85,0.011,1.1582,9390.3,14.83384668035592,1.0,1.0
1.86,0.011,1.1677,9432.9,15.248665112552171,1.0,1.0
1.88,0.011,1.1865,9517.1,15.306132563536252,1.0,1.0
1.9,0.011,1.2048,9599.8,14.051619895049052,1.0,1.0
1.95,0.011,1.2501,9805.0,13.273043577458358,1.0,1.0
2.0,0.011,1.2938,10004.9,12.447930590561626,1.0,1.0
2.05,0.011,1.3363,10201.2,11.075233858088069,1.0,1.0
2.1,0.011,1.3765,10387.1,10.0,1.0,1.0
2.2,0.011,1.4553,10759.7,10.0,1.0,1.0
1.3,0.012,0.4256,6475.3,30.0,1.0,1.0
1.4,0.012,0.5645,6710.0,30.0,1.0,1.0
1.42,0.012,0.6602,7253.3,30.0,1.0,1.0
1.44,0.012,0.6872,7356.7,30.0,1.0,1.0
1.45,0.012,0.7011,7412.3,30.0,1.0,1.0
1.46,0.012,0.7139,7461.5,30.0,1.0,1.0
1.5,0.012,0.7656,7667.5,20.0,1.0,1.0
1.51,0.012,0.7787,7720.2,20.0,1.0,1.0
1.53,0.012,0.8029,7816.9,20.0,1.0,1.0
1.54,0.012,0.8152,7868.1,20.0,1.0,1.0
1.55,0.012,0.8282,7921.4,20.0,1.0,1.0
1.57,0.012,0.8514,8017.0,20.0,1.0,1.0
1.58,0.012,0.8640000000000001,8068.9,20.0,1.0,1.0
1.59,0.012,0.8748,8113.7,20.0,1.0,1.0
1.6,0.012,0.8876,8166.4,20.0,1.0,1.0
1.61,0.012,0.8995,8215.0,20.0,1.0,1.0
1.63,0.012,0.9209,8306.8,20.0,1.0,1.0
1.64,0.012,0.932,8353.6,20.0,1.0,1.0
1.65,0.012,0.9429,8398.6,19.38833914337296,1.0,1.0
1.66,0.012,0.9538,8444.5,18.65050392908275,1.0,1.0
1.67,0.012,0.9653,8494.6,20.0,1.0,1.0
1.68,0.012,0.976,8540.0,20.0,1.0,1.0
1.69,0.012,0.9863,8582.2,16.740444404434903,1.0,1.0
1.7,0.012,0.9974,8631.6,20.0,1.0,1.0
1.71,0.012,1.0077,8674.4,17.523255685028285,1.0,1.0
1.72,0.012,1.0182,8719.6,17.096267713795527,1.0,1.0
1.73,0.012,1.0285,8763.4,16.203787886321475,1.0,1.0
1.74,0.012,1.0389,8808.7,16.544575629986852,1.0,1.0
1.75,0.012,1.0492,8854.4,18.035641250507584,1.0,1.0
1.76,0.012,1.0594,8898.4,16.740444404434903,1.0,1.0
1.77,0.012,1.0695,8941.5,15.819312303428028,1.0,1.0
1.78,0.012,1.0798,8987.3,20.0,1.0,1.0
1.79,0.012,1.0897,9030.5,18.65050392908275,1.0,1.0
1.8,0.012,1.0995,9073.2,16.863472503645642,1.0,1.0
1.82,0.012,1.1191,9159.4,17.096267713795527,1.0,1.0
1.84,0.012,1.1383,9243.4,15.457846634134224,1.0,1.0
1.85,0.012,1.1479,9285.8,16.196825459578385,1.0,1.0
1.86,0.012,1.1573,9327.2,15.248665112552171,1.0,1.0
1.88,0.012,1.1763,9411.9,17.523255685028285,1.0,1.0
1.9,0.012,1.1947,9493.6,14.64054300707278,1.0,1.0
1.92,0.012,1.2129,9574.7,14.480835044490075,1.0,1.0
1.94,0.012,1.2309999999999999,9655.5,13.480749183269696,1.0,1.0
1.95,0.012,1.2399,9695.7,13.143280857859912,1.0,1.0
1.96,0.012,1.2488,9736.0,13.482660278348165,1.0,1.0
1.98,0.012,1.2665,9815.5,12.644193474788954,1.0,1.0
2.0,0.012,1.2839,9894.2,12.514430755190508,1.0,1.0
2.05,0.012,1.3265,10088.3,11.60426648414328,1.0,1.0
2.1,0.012,1.3677,10278.1,10.825690166552588,1.0,1.0
2.2,0.012,1.4471,10648.0,10.0,1.0,1.0
1.3,0.013000000000000001,0.1784,5214.9,30.0,1.0,0.0
1.35,0.013000000000000001,0.2236,5228.5,30.0,1.0,0.0
1.4,0.013000000000000001,0.2733,5258.4,30.0,1.0,0.0
1.45,0.013000000000000001,0.3315,5313.8,30.0,1.0,0.0
1.501,0.013000000000000001,0.7170000000000001,7004.9,11.7425,1.0,0.0
1.51,0.013000000000000001,0.7672,7632.0,20.0,1.0,1.0
1.53,0.013000000000000001,0.7941,7737.6,20.0,1.0,1.0
1.57,0.013000000000000001,0.841,7929.9,20.0,1.0,1.0
1.59,0.013000000000000001,0.8637,8018.8,18.96975329057856,1.0,1.0
1.61,0.013000000000000001,0.8884,8123.5,20.0,1.0,1.0
1.63,0.013000000000000001,0.9102,8214.9,20.0,1.0,1.0
1.67,0.013000000000000001,0.9540000000000001,8396.4,18.65050392908275,1.0,1.0
1.69,0.013000000000000001,0.9771,8493.1,20.0,1.0,1.0
1.71,0.013000000000000001,0.997,8577.1,17.096267713795527,1.0,1.0
1.73,0.013000000000000001,1.0181,8667.2,17.096267713795527,1.0,1.0
1.77,0.013000000000000001,1.0597,8846.1,20.0,1.0,1.0
1.79,0.013000000000000001,1.0791,8929.3,16.44392497996771,1.0,1.0
1.82,0.013000000000000001,1.1765,9046.2,10.0,1.0,0.0
1.84,0.013000000000000001,1.1954,9174.0,10.0,1.0,0.0
1.86,0.013000000000000001,1.2116,9289.4,10.0,1.0,0.0
1.92,0.013000000000000001,1.2029,9469.7,14.730378736025553,1.0,1.0
1.94,0.013000000000000001,1.2209,9550.0,14.89008669860826,1.0,1.0
1.96,0.013000000000000001,1.2388,9629.2,14.43092630618298,1.0,1.0
1.98,0.013000000000000001,1.2565,9707.8,13.402806297056813,1.0,1.0
1.42,0.013,0.5742,6693.8,30.0,1.0,1.0
1.44,0.013,0.6757,7272.0,30.0,1.0,1.0
1.46,0.013,0.7042,7384.1,30.0,1.0,1.0
1.48,0.013,0.7288,7480.1,30.0,1.0,1.0
1.52,0.013,0.7809,7686.5,20.0,1.0,1.0
1.54,0.013,0.8041,7779.6,20.0,1.0,1.0
1.58,0.013,0.8522,7975.7,20.0,1.0,1.0
1.6,0.013,0.8762,8074.3,20.0,1.0,1.0
1.62,0.013,0.8995,8169.7,20.0,1.0,1.0
1.64,0.013,0.9217,8262.8,20.0,1.0,1.0
1.65,0.013,0.9324,8307.6,20.0,1.0,1.0
1.66,0.013,0.9432,8351.6,20.0,1.0,1.0
1.68,0.013,0.9649,8441.6,17.940795839385622,1.0,1.0
1.7,0.013,0.9866,8534.8,20.0,1.0,1.0
1.72,0.013,1.0076,8621.5,16.44392497996771,1.0,1.0
1.74,0.013,1.0283,8710.7,16.740444404434903,1.0,1.0
1.75,0.013,1.0393,8759.0,20.0,1.0,1.0
1.76,0.013,1.0489,8798.8,16.44392497996771,1.0,1.0
1.78,0.013,1.0692,8886.4,16.740444404434903,1.0,1.0
1.8,0.013,1.0891,8973.1,18.035641250507584,1.0,1.0
1.82,0.013,1.1086,9056.6,15.557150389434721,1.0,1.0
1.84,0.013,1.1282,9143.0,19.38833914337296,1.0,1.0
1.85,0.013,1.1376,9183.7,16.44392497996771,1.0,1.0
1.86,0.013,1.1472,9225.4,17.523255685028285,1.0,1.0
1.9,0.013,1.1845,9388.9,14.989904175222454,1.0,1.0
1.95,0.013,1.2299,9589.5,14.969940679899613,1.0,1.0
2.0,0.013,1.2739,9785.9,13.312970568104037,1.0,1.0
2.05,0.013,1.3166,9978.0,12.203171343828425,1.0,1.0
2.1,0.013,1.358,10166.2,12.083390371891394,1.0,1.0
2.2,0.013,1.4376,10532.6,10.556182979694274,1.0,1.0
1.42,0.014,0.5585,6632.0,30.0,1.0,1.0
1.44,0.014,0.5841,6678.0,30.0,1.0,1.0
1.46,0.014,0.6911,7292.9,30.0,1.0,1.0
1.48,0.014,0.7175,7396.0,30.0,1.0,1.0
1.52,0.014,0.7693,7599.7,20.0,1.0,1.0
1.54,0.014,0.7938,7697.0,20.0,1.0,1.0
1.55,0.014,0.8057,7744.5,20.0,1.0,1.0
1.58,0.014,0.8415,7888.3,20.0,1.0,1.0
1.6,0.014,0.8656,7985.6,20.0,1.0,1.0
1.62,0.014,0.8884,8079.0,20.0,1.0,1.0
1.64,0.014,0.9102,8168.0,20.0,1.0,1.0
1.65,0.014,0.9216,8215.4,20.0,1.0,1.0
1.66,0.014,0.9325,8259.8,20.0,1.0,1.0
1.68,0.014,0.9548,8353.3,20.0,1.0,1.0
1.7,0.014,0.9761,8441.8,20.0,1.0,1.0
1.72,0.014,0.9984,8532.9,20.0,1.0,1.0
1.74,0.014,1.0188,8620.1,20.0,1.0,1.0
1.75,0.014,1.0283,8660.4,19.38833914337296,1.0,1.0
1.805,0.014,1.0836,8895.0,16.740444404434903,1.0,1.0
1.82,0.014,1.0984,8958.9,17.523255685028285,1.0,1.0
1.84,0.014,1.1177,9041.1,16.196825459578385,1.0,1.0
1.85,0.014,1.1273,9082.7,16.422426479496178,1.0,1.0
1.86,0.014,1.1369,9123.8,15.676314895795315,1.0,1.0
1.88,0.014,1.1558,9206.4,17.523255685028285,1.0,1.0
1.9,0.014,1.1744,9286.6,16.005319348370346,1.0,1.0
1.952,0.014,1.2217,9493.3,14.41096281086014,1.0,1.0
2.0,0.014,1.264,9679.7,14.041638147387633,1.0,1.0
2.05,0.014,1.3068,9870.1,12.96178416609628,1.0,1.0
2.1,0.014,1.3484,10057.1,11.933664156970112,1.0,1.0
2.2,0.014,1.4282,10420.6,10.246748802190279,1.0,1.0
1.3,0.013999999999999999,0.1745,5220.0,30.0,1.0,0.0
1.45,0.013999999999999999,0.3226,5305.1,30.0,1.0,0.0
1.51,0.013999999999999999,0.7558,7545.2,20.0,1.0,1.0
1.531,0.013999999999999999,0.7836,7655.5,20.0,1.0,1.0
1.55,0.013999999999999999,0.8057,7744.5,20.0,1.0,1.0
1.57,0.013999999999999999,0.8307,7844.0,20.0,1.0,1.0
1.59,0.013999999999999999,0.8551,7940.9,20.0,1.0,1.0
1.61,0.013999999999999999,0.8773,8033.2,20.0,1.0,1.0
1.63,0.013999999999999999,0.8989,8120.8,20.0,1.0,1.0
1.67,0.013999999999999999,0.9443,8309.0,20.0,1.0,1.0
1.69,0.013999999999999999,0.9658,8398.5,20.0,1.0,1.0
1.71,0.013999999999999999,0.9878,8489.0,20.0,1.0,1.0
1.73,0.013999999999999999,1.0086,8576.3,20.0,1.0,1.0
1.79,0.013999999999999999,1.0695,8834.6,20.0,1.0,1.0
1.82,0.013999999999999999,1.1643,8963.9,10.0,1.0,0.0
1.84,0.013999999999999999,1.1823,9083.3,10.0,1.0,0.0
1.86,0.013999999999999999,1.1968,9194.2,10.0,1.0,0.0
1.88,0.013999999999999999,1.2095,9290.4,10.0,1.0,0.0
1.92,0.013999999999999999,1.1928,9367.0,17.085365039932018,1.0,1.0
1.94,0.013999999999999999,1.2109,9445.6,14.949977184576776,1.0,1.0
1.98,0.013999999999999999,1.2465,9602.6,14.201346109970341,1.0,1.0
1.3,0.015,0.3792,6339.3,30.0,1.0,1.0
1.35,0.015,0.4486,6431.2,30.0,1.0,1.0
1.42,0.015,0.5426,6574.1,30.0,1.0,1.0
1.481,0.015,0.7083,7322.6,30.0,1.0,1.0
1.5,0.015,0.7329,7417.0,20.0,1.0,1.0
1.51,0.015,0.7462,7468.0,20.0,1.0,1.0
1.52,0.015,0.7577,7513.4,20.0,1.0,1.0
1.53,0.015,0.7695,7556.4,20.0,1.0,1.0
1.54,0.015,0.7829,7612.0,20.0,1.0,1.0
1.551,0.015,0.7953,7656.9,20.0,1.0,1.0
1.56,0.015,0.8063,7702.9,20.0,1.0,1.0
1.57,0.015,0.8184,7751.1,20.0,1.0,1.0
1.58,0.015,0.8306,7801.3,20.0,1.0,1.0
1.59,0.015,0.8435,7852.0,20.0,1.0,1.0
1.6,0.015,0.8543,7896.5,20.0,1.0,1.0
1.61,0.015,0.8668,7945.4,20.0,1.0,1.0
1.62,0.015,0.8774,7989.5,20.0,1.0,1.0
1.63,0.015,0.8901,8038.5,20.0,1.0,1.0
1.64,0.015,0.9006,8082.7,20.0,1.0,1.0
1.65,0.015,0.911,8125.9,20.0,1.0,1.0
1.66,0.015,0.9221,8170.9,20.0,1.0,1.0
1.67,0.015,0.9344,8219.3,20.0,1.0,1.0
1.68,0.015,0.9437,8258.4,20.0,1.0,1.0
1.69,0.015,0.9566,8308.6,20.0,1.0,1.0
1.7,0.015,0.9653,8345.4,18.65050392908275,1.0,1.0
1.71,0.015,0.9761,8392.8,20.0,1.0,1.0
1.73,0.015,0.9972,8480.2,20.0,1.0,1.0
1.74,0.015,1.0075,8519.6,17.096267713795527,1.0,1.0
1.75,0.015,1.0188,8569.2,20.0,1.0,1.0
1.76,0.015,1.0281,8606.6,17.096267713795527,1.0,1.0
1.77,0.015,1.0386,8653.5,20.0,1.0,1.0
1.78,0.015,1.0485,8695.1,20.0,1.0,1.0
1.79,0.015,1.0585,8736.9,20.0,1.0,1.0
1.7990000000000002,0.015,1.0675,8774.7,20.0,1.0,1.0
1.82,0.015,1.0881,8860.6,16.740444404434903,1.0,1.0
1.84,0.015,1.1076,8942.5,15.99090919258728,1.0,1.0
1.85,0.015,1.1172,8985.6,20.0,1.0,1.0
1.86,0.015,1.1267,9024.5,16.44392497996771,1.0,1.0
1.88,0.015,1.1457,9105.7,15.676314895795315,1.0,1.0
1.9,0.015,1.1643,9186.5,17.502574940457787,1.0,1.0
1.92,0.015,1.1827,9265.8,15.697929294988725,1.0,1.0
1.94,0.015,1.2009,9344.2,15.233279871233172,1.0,1.0
1.95,0.015,1.2099,9383.7,16.737690122827225,1.0,1.0
1.96,0.015,1.2189,9422.5,15.837652046525823,1.0,1.0
1.98,0.015,1.2366,9499.5,14.790269221994064,1.0,1.0
2.0,0.015,1.2541,9575.9,14.321127081907367,1.0,1.0
2.05,0.015,1.2971,9765.0,13.97992242756103,1.0,1.0
2.1,0.015,1.3388,9949.8,12.243098334474105,1.0,1.0
2.2,0.015,1.4188,10310.9,10.775781428245494,1.0,1.0
1.3,0.016,0.3634,6295.8,30.0,1.0,1.0
1.35,0.016,0.4338,6389.3,30.0,1.0,1.0
1.42,0.016,0.5274,6521.0,30.0,1.0,1.0
1.44,0.016,0.5528,6562.3,30.0,1.0,1.0
1.45,0.016,0.5658,6583.8,30.0,1.0,1.0
1.46,0.016,0.5784,6604.8,30.0,1.0,1.0
1.481,0.016,0.6045,6649.8,30.0,1.0,1.0
1.5,0.016,0.7222,7336.3,20.0,1.0,1.0
1.51,0.016,0.7335,7378.1,20.0,1.0,1.0
1.531,0.016,0.7601,7481.7,20.0,1.0,1.0
1.54,0.016,0.7718,7527.8,20.0,1.0,1.0
1.55,0.016,0.7837,7573.9,20.0,1.0,1.0
1.56,0.016,0.7955,7619.5,20.0,1.0,1.0
1.57,0.016,0.8079999999999999,7669.6,20.0,1.0,1.0
1.58,0.016,0.8196,7715.0,20.0,1.0,1.0
1.59,0.016,0.8316,7762.7,20.0,1.0,1.0
1.6,0.016,0.8428,7804.9,20.0,1.0,1.0
1.61,0.016,0.8559,7858.2,20.0,1.0,1.0
1.62,0.016,0.8659,7896.6,20.0,1.0,1.0
1.63,0.016,0.8785,7948.8,20.0,1.0,1.0
1.65,0.016,0.901,8039.3,20.0,1.0,1.0
1.66,0.016,0.9126,8085.0,20.0,1.0,1.0
1.67,0.016,0.9221,8123.9,20.0,1.0,1.0
1.68,0.016,0.9331,8167.3,20.0,1.0,1.0
1.69,0.016,0.9449,8217.0,20.0,1.0,1.0
1.7,0.016,0.955,8258.8,20.0,1.0,1.0
1.71,0.016,0.9658,8302.8,20.0,1.0,1.0
1.72,0.016,0.9762,8340.7,20.0,1.0,1.0
1.73,0.016,0.9866,8383.9,20.0,1.0,1.0
1.74,0.016,0.997,8427.2,20.0,1.0,1.0
1.75,0.016,1.0074,8472.2,20.0,1.0,1.0
1.76,0.016,1.0179,8517.4,20.0,1.0,1.0
1.77,0.016,1.028,8554.3,20.0,1.0,1.0
1.78,0.016,1.0381,8596.5,20.0,1.0,1.0
1.79,0.016,1.0482,8639.4,20.0,1.0,1.0
1.8,0.016,1.0585,8685.3,20.0,1.0,1.0
1.82,0.016,1.0779,8766.4,20.0,1.0,1.0
1.84,0.016,1.0976,8848.7,20.0,1.0,1.0
1.85,0.016,1.107,8888.3,18.65050392908275,1.0,1.0
1.86,0.016,1.1166,8928.1,17.523255685028285,1.0,1.0
1.88,0.016,1.1355,9008.7,18.035641250507584,1.0,1.0
1.9,0.016,1.1543,9088.8,19.324947785954322,1.0,1.0
1.92,0.016,1.1729,9167.4,20.0,1.0,1.0
1.94,0.016,1.1911,9244.9,20.0,1.0,1.0
1.95,0.016,1.2,9283.5,16.206520110583774,1.0,1.0
1.96,0.016,1.209,9322.0,16.005319348370346,1.0,1.0
1.98,0.016,1.2268,9398.3,14.730378736025553,1.0,1.0
2.0,0.016,1.2443,9474.7,16.206520110583774,1.0,1.0
2.05,0.016,1.2874,9661.7,13.920031941592514,1.0,1.0
2.1,0.016,1.3292,9845.6,12.75216746520648,1.0,1.0
2.2,0.016,1.4095,10203.7,11.080110361385099,1.0,1.0
1.42,0.017,0.5122,6470.7,30.0,1.0,1.0
1.44,0.017,0.5391,6515.0,30.0,1.0,0.0
1.46,0.017,0.5624,6548.5,30.0,1.0,0.0
1.51,0.017,0.7221,7294.4,20.0,1.0,1.0
1.53,0.017,0.7473,7390.6,20.0,1.0,1.0
1.55,0.017,0.7724,7489.1,20.0,1.0,1.0
1.571,0.017,0.7996,7593.8,20.0,1.0,1.0
1.59,0.017,0.8202,7672.6,20.0,1.0,1.0
1.61,0.017,0.8447,7771.4,20.0,1.0,1.0
1.63,0.017,0.8688,7864.0,20.0,1.0,1.0
1.67,0.017,0.9125,8040.3,20.0,1.0,1.0
1.69,0.017,0.9334,8123.2,20.0,1.0,1.0
1.71,0.017,0.9551,8206.4,20.0,1.0,1.0
1.72,0.017,0.9657,8250.0,20.0,1.0,1.0
1.732,0.017,0.98,8309.4,20.0,1.0,1.0
1.74,0.017,0.9867,8339.7,20.0,1.0,1.0
1.75,0.017,0.9972,8377.1,20.0,1.0,1.0
1.76,0.017,1.0076,8425.6,20.0,1.0,1.0
1.77,0.017,1.0177,8467.4,20.0,1.0,1.0
1.781,0.017,1.0288,8509.9,20.0,1.0,1.0
1.7919999999999998,0.017,1.0398,8557.4,20.0,1.0,1.0
1.8,0.017,1.0479,8591.3,20.0,1.0,1.0
1.82,0.017,1.068,8673.5,20.0,1.0,1.0
1.84,0.017,1.0873,8754.0,20.0,1.0,1.0
1.85,0.017,1.0972,8794.9,20.0,1.0,1.0
1.86,0.017,1.1064,8832.7,18.035641250507584,1.0,1.0
1.9,0.017,1.1442,8991.0,17.085365039932018,1.0,1.0
1.92,0.017,1.1628,9068.8,15.837652046525823,1.0,1.0
1.94,0.017,1.1813,9147.5,20.0,1.0,1.0
1.95,0.017,1.1903,9185.7,20.0,1.0,1.0
1.96,0.017,1.1991,9223.5,16.447961025239884,1.0,1.0
1.98,0.017,1.217,9300.0,18.6040090778458,1.0,1.0
2.0,0.017,1.2345,9374.5,14.943713435555232,1.0,1.0
2.05,0.017,1.2777,9560.4,14.518936801277663,1.0,1.0
1.3,0.018000000000000002,0.3338,6218.5,30.0,1.0,1.0
1.35,0.018000000000000002,0.4037,6306.2,30.0,1.0,1.0
1.4,0.018000000000000002,0.4713,6394.1,30.0,1.0,1.0
1.42,0.018000000000000002,0.4972,6428.8,30.0,1.0,1.0
1.44,0.018000000000000002,0.5236,6466.5,30.0,1.0,1.0
1.45,0.018000000000000002,0.5352,6481.2,30.0,1.0,1.0
1.462,0.018000000000000002,0.5498,6503.0,30.0,1.0,1.0
1.48,0.018000000000000002,0.5725,6538.0,30.0,1.0,1.0
1.5,0.018000000000000002,0.5968,6576.3,20.0,1.0,1.0
1.54,0.018000000000000002,0.7495,7362.9,20.0,1.0,1.0
1.55,0.018000000000000002,0.7618,7409.3,20.0,1.0,1.0
1.56,0.018000000000000002,0.7751,7459.4,20.0,1.0,1.0
1.58,0.018000000000000002,0.7976,7545.5,20.0,1.0,1.0
1.6,0.018000000000000002,0.8213,7636.3,20.0,1.0,1.0
1.62,0.018000000000000002,0.8452,7731.2,20.0,1.0,1.0
1.64,0.018000000000000002,0.8690000000000001,7822.8,20.0,1.0,1.0
1.65,0.018000000000000002,0.8786,7859.1,20.0,1.0,1.0
1.66,0.018000000000000002,0.8914,7911.0,20.0,1.0,1.0
1.68,0.018000000000000002,0.9119,7991.4,20.0,1.0,1.0
1.7,0.018000000000000002,0.935,8083.8,20.0,1.0,1.0
1.71,0.018000000000000002,0.9463,8127.3,20.0,1.0,1.0
1.72,0.018000000000000002,0.9564,8169.2,20.0,1.0,1.0
1.74,0.018000000000000002,0.9769,8253.2,20.0,1.0,1.0
1.75,0.018000000000000002,0.9866,8291.7,20.0,1.0,1.0
1.76,0.018000000000000002,0.9972,8329.1,20.0,1.0,1.0
1.77,0.018000000000000002,1.0074,8376.8,20.0,1.0,1.0
1.78,0.018000000000000002,1.0175,8417.6,20.0,1.0,1.0
1.79,0.018000000000000002,1.0277,8459.0,20.0,1.0,1.0
1.8,0.018000000000000002,1.0378,8500.3,20.0,1.0,1.0
1.824,0.018000000000000002,1.0616,8597.6,20.0,1.0,1.0
1.86,0.018000000000000002,1.0965,8740.8,20.0,1.0,1.0
1.88,0.018000000000000002,1.1157,8819.6,20.0,1.0,1.0
1.9,0.018000000000000002,1.1343,8895.7,17.085365039932018,1.0,1.0
1.92,0.018000000000000002,1.1529,8974.2,18.6040090778458,1.0,1.0
1.94,0.018000000000000002,1.1713,9050.2,16.005319348370346,1.0,1.0
1.95,0.018000000000000002,1.1803,9088.5,16.005319348370346,1.0,1.0
1.96,0.018000000000000002,1.1893,9126.9,16.737690122827225,1.0,1.0
1.98,0.018000000000000002,1.2072,9202.5,17.085365039932018,1.0,1.0
2.0,0.018000000000000002,1.2249,9277.3,18.003226821088703,1.0,1.0
2.05,0.018000000000000002,1.2681,9461.5,14.736968259079134,1.0,1.0
2.1,0.018000000000000002,1.3103,9642.9,13.785516545117119,1.0,1.0
2.2,0.018000000000000002,1.391,9996.0,12.199032127081757,1.0,1.0
1.42,0.019,0.4811,6382.8,30.0,1.0,1.0
1.444,0.019,0.5126,6425.7,30.0,1.0,1.0
1.46,0.019,0.5329,6452.3,30.0,1.0,1.0
1.48,0.019,0.5576,6489.5,30.0,1.0,1.0
1.95,0.019,1.1706,8993.1,16.005319348370346,1.0,1.0
2.05,0.019,1.2586,9364.6,15.913378783338564,1.0,1.0
1.3,0.02,0.3052,6147.5,30.0,1.0,1.0
1.35,0.02,0.3742,6229.5,30.0,1.0,1.0
1.4,0.02,0.4406,6309.4,30.0,1.0,1.0
1.42,0.02,0.467,6342.7,30.0,1.0,1.0
1.44,0.02,0.4929,6373.9,30.0,1.0,1.0
1.45,0.02,0.5065,6395.8,30.0,1.0,1.0
1.46,0.02,0.5199,6414.2,30.0,1.0,1.0
1.48,0.02,0.5439,6446.0,30.0,1.0,1.0
1.5,0.02,0.5671,6476.9,20.0,1.0,1.0
1.55,0.02,0.6274,6570.0,20.0,1.0,1.0
1.6030000000000002,0.02,0.8035,7487.8,20.0,1.0,1.0
1.65,0.02,0.8575,7694.0,20.0,1.0,1.0
1.7,0.02,0.9138,7912.0,20.0,1.0,1.0
1.751,0.02,0.9670000000000001,8118.1,20.0,1.0,1.0
1.8,0.02,1.0172,8318.8,20.0,1.0,1.0
1.9,0.02,1.1145,8712.0,19.324947785954322,1.0,1.0
1.95,0.02,1.1609,8900.1,16.206520110583774,1.0,1.0
2.0,0.02,1.2056,9087.3,19.324947785954322,1.0,1.0
2.05,0.02,1.2492,9268.9,15.360106775448358,1.0,1.0
2.1,0.02,1.2913,9447.4,16.098381713175336,1.0,1.0
2.2,0.02,1.3726,9796.1,13.440693595033181,1.0,1.0
1.3,0.022000000000000002,0.1031,5121.8,30.0,1.0,0.0
1.351,0.022000000000000002,0.1464,5130.1,30.0,1.0,0.0
1.4,0.022000000000000002,0.188,5141.6,30.0,1.0,0.0
1.42,0.022000000000000002,0.4496,6296.3,30.0,1.0,1.0
1.44,0.022000000000000002,0.4755,6328.3,30.0,1.0,1.0
1.45,0.022000000000000002,0.2362,5172.7,30.0,1.0,0.0
1.46,0.022000000000000002,0.4994,6356.0,30.0,1.0,1.0
1.485,0.022000000000000002,0.531,6398.5,30.0,1.0,1.0
1.6,0.022000000000000002,0.667,6600.1,20.0,1.0,0.0
1.6540000000000001,0.022000000000000002,0.851,7618.8,20.0,1.0,1.0
1.7,0.022000000000000002,0.9465,7718.1,20.0,1.0,0.0
1.751,0.022000000000000002,0.9553,8020.3,20.0,1.0,1.0
1.8,0.022000000000000002,1.0058,8205.6,17.74,1.0,0.0
1.953,0.022000000000000002,1.1523,8793.9,14.923527820875275,1.0,0.0
1.351,0.022,0.1464,5130.1,30.0,1.0,0.0
1.42,0.022,0.2065,5151.4,30.0,1.0,0.0
1.44,0.022,0.2263,5165.7,30.0,1.0,0.0
1.46,0.022,0.2447,5175.7,30.0,1.0,0.0
1.5,0.022,0.5487,6421.8,20.0,1.0,1.0
1.55,0.022,0.6084,6504.9,20.0,1.0,1.0
1.6,0.022,0.7884,7384.8,20.0,1.0,1.0
1.654,0.022,0.7274,6708.9,20.0,1.0,0.0
1.7,0.022,0.9002,7806.3,20.0,1.0,1.0
1.751,0.022,0.9754,8027.4,20.0,1.0,0.0
1.8,0.022,1.0051,8211.1,20.0,1.0,1.0
1.85,0.022,1.0567,8396.4,15.0,1.0,0.0
1.9,0.022,1.1024,8600.3,20.0,1.0,1.0
1.953,0.022,1.1523,8793.9,14.923527820875275,1.0,0.0
2.0,0.022,1.1938,8969.8,17.502574940457787,1.0,1.0
2.05,0.022,1.2375,9150.4,16.586789447944426,1.0,1.0
2.1,0.022,1.28,9326.9,15.913378783338564,1.0,1.0
2.2,0.022,1.3615,9671.6,14.414650919466418,1.0,1.0
1.35,0.024,0.3379,6138.3,30.0,1.0,1.0
1.4,0.024,0.4043,6215.6,30.0,1.0,1.0
1.42,0.024,0.43,6245.0,30.0,1.0,1.0
1.44,0.024,0.4571,6280.4,30.0,1.0,1.0
1.45,0.024,0.4688,6292.2,30.0,1.0,1.0
1.46,0.024,0.4819,6309.5,30.0,1.0,1.0
1.501,0.024,0.5322,6371.0,20.0,1.0,1.0
1.55,0.024,0.5907,6449.7,20.0,1.0,1.0
1.6,0.024,0.6486,6534.8,20.0,1.0,1.0
1.75,0.024,0.9419,7916.5,20.0,1.0,1.0
1.8,0.024,0.994,8113.7,20.0,1.0,1.0
1.85,0.024,1.0426,8305.2,20.0,1.0,1.0
1.9,0.024,1.0906,8493.8,20.0,1.0,1.0
2.0,0.024,1.1823,8857.8,18.003226821088703,1.0,1.0
2.05,0.024,1.2263,9035.5,16.320385228979465,1.0,1.0
2.1,0.024,1.2687,9211.3,17.750443076383352,1.0,1.0
2.2,0.024,1.3505,9552.3,15.610715268320751,1.0,1.0
1.3,0.026000000000000002,0.0803,5085.1,30.0,1.0,0.0
1.35,0.026000000000000002,0.1223,5092.6,30.0,1.0,0.0
1.4,0.026000000000000002,0.1705,5121.1,30.0,1.0,0.0
1.421,0.026000000000000002,0.4137,6200.9,30.0,1.0,1.0
1.44,0.026000000000000002,0.439,6233.5,30.0,1.0,1.0
1.45,0.026000000000000002,0.2123,5133.8,30.0,1.0,0.0
1.462,0.026000000000000002,0.4675,6268.1,30.0,1.0,1.0
1.5,0.026000000000000002,0.5584,6378.1,20.0,1.0,0.0
1.605,0.026000000000000002,0.6369,6485.8,20.0,1.0,0.0
1.65,0.026000000000000002,0.6872,6563.6,20.0,1.0,0.0
1.7530000000000001,0.026000000000000002,0.9327,7822.7,20.0,1.0,1.0
1.8019999999999998,0.026000000000000002,0.9839,8021.2,20.0,1.0,1.0
1.95,0.026000000000000002,1.1275,8562.0,15.0,1.0,0.0
1.421,0.026,0.1884,5127.0,30.0,1.0,0.0
1.44,0.026,0.2089,5145.3,30.0,1.0,0.0
1.5,0.026,0.5133,6318.2,20.0,1.0,1.0
1.55,0.026,0.5725,6395.0,20.0,1.0,1.0
1.605,0.026,0.6369,6485.8,20.0,1.0,0.0
1.65,0.026,0.8201,7411.3,20.0,1.0,1.0
1.753,0.026,0.9817,7729.4,20.0,1.0,0.0
1.802,0.026,1.0075,8031.1,15.0,1.0,0.0
1.85,0.026,1.033,8175.5,15.0,1.0,0.0
1.9,0.026,1.0789,8389.2,20.0,1.0,1.0
1.95,0.026,1.1256,8570.7,20.0,1.0,1.0
2.0,0.026,1.171,8749.1,18.6040090778458,1.0,1.0
2.05,0.026,1.215,8924.9,17.29009658601191,1.0,1.0
2.1,0.026,1.2576,9098.4,17.29009658601191,1.0,1.0
2.2,0.026,1.3396,9436.3,15.759209675141252,1.0,1.0
